CustomerID,FullName,EmailAddress,Age,PhoneNumber,Address,Married,Recency,Frequency,Monetary,R_Score,F_Score,M_Score,RFM_Score,Cluster
1,John Miller,qdiaz@example.com,27,001-469-394-5438x4326,"978 Mike Prairie
East Andrew, MI 86590",Yes,6.0,1.0,81.6,4.0,1.0,1.0,411.0,2
2,Joseph Hansen,stacymccoy@example.net,47,(918)681-5656x5608,"97734 Krista Village
Lake Deniseborough, VI 90250",Yes,8.0,2.0,392.68,3.0,1.0,1.0,311.0,2
3,Anne Rogers,dcollins@example.org,53,(558)414-7857x62981,"5103 Pugh Branch
Tonyaland, OH 67379",Yes,6.0,3.0,167.82,4.0,1.0,1.0,411.0,2
4,Stephanie King,kathryn37@example.org,32,001-457-603-0704x32311,"04245 Abbott Glens
Bakerstad, WV 82562",No,,,,,,,,0
5,Jonathan Blackburn,andersonaustin@example.net,26,+1-611-204-4217x69171,"99527 Katrina Light Suite 458
West Priscilla, AL 21291",Yes,1.0,5.0,3018.97,4.0,3.0,2.0,432.0,0
6,Cynthia Henry,jensenmichael@example.org,41,222.636.6376x8933,"92709 Henderson Shoals
New Gregorymouth, OH 85307",Yes,10.0,3.0,4975.86,3.0,1.0,3.0,313.0,2
7,Jennifer Rogers,ekey@example.org,31,884.765.0874x7096,"61146 Teresa Skyway
Hodgeston, NC 09625",No,12.0,3.0,389.15,3.0,1.0,1.0,311.0,2
8,Kimberly Kennedy,brenda07@example.org,47,(423)998-3385x578,"9275 Katie Street Apt. 835
Chandlerview, NJ 77960",No,9.0,3.0,1748.21,3.0,1.0,2.0,312.0,2
9,Jack Gonzalez,trujillosylvia@example.com,34,263-851-8644x223,"710 King Key Suite 060
Howardview, IA 66564",Yes,22.0,1.0,478.87,2.0,1.0,1.0,211.0,2
10,Tina Rhodes,mullinsreginald@example.com,29,001-760-761-9956,"5306 Emily Curve Suite 861
Ortizville, ME 04039",No,1.0,8.0,8733.35,4.0,4.0,4.0,444.0,3
11,Marissa Pacheco,ykelley@example.org,26,543-590-1236,"05605 Campbell Groves Suite 978
Amyview, IN 43936",No,2.0,6.0,5435.22,4.0,4.0,3.0,443.0,0
12,Laura Huynh,feliciafernandez@example.com,33,001-269-442-2800x495,"04472 Stacey Course Apt. 608
West Darren, WI 17692",No,4.0,5.0,2020.38,4.0,3.0,2.0,432.0,0
13,Jason Bowman,paul01@example.com,27,(336)812-4094,"746 Julie Locks Suite 199
New Nicholas, IA 12870",No,10.0,3.0,2403.36,3.0,1.0,2.0,312.0,2
14,Kristen Ellis,ucampbell@example.org,31,626-721-7039,"750 Kathleen Forest Apt. 350
Mossside, GA 28553",No,3.0,3.0,828.2,4.0,1.0,1.0,411.0,2
15,Wesley Burns,mark30@example.com,43,(380)578-8826x87647,"910 Sheppard Mount
Jonathanport, GA 66535",Yes,23.0,2.0,455.91,2.0,1.0,1.0,211.0,2
16,Sarah Brock,kyledavis@example.net,27,552.779.0419x217,"051 Padilla Trail
South Kyle, CO 64758",No,4.0,3.0,283.21,4.0,1.0,1.0,411.0,2
17,Robert Garner,christophersherman@example.org,44,986-285-6867x51803,"155 Cummings Isle
Stephanieton, VA 55256",No,6.0,4.0,4537.13,4.0,2.0,3.0,423.0,0
18,Kyle Ho,paigeperez@example.com,38,(475)677-2932,"77648 Smith Loop
Port Joshua, IA 19545",Yes,1.0,3.0,1975.32,4.0,1.0,2.0,412.0,2
19,Kara Stevens,alejandropena@example.net,18,+1-365-369-5582,"5277 Martin Fort Apt. 808
Lake Marco, NY 81945",Yes,16.0,5.0,699.6,2.0,3.0,1.0,231.0,0
20,Donna Marshall PhD,scottjessica@example.org,54,313.846.6958x98187,"48556 Jesse Path
South Derrick, UT 22934",No,28.0,1.0,64.08,2.0,1.0,1.0,211.0,2
21,Richard Ortiz,deborah45@example.net,35,001-290-448-9829x9025,"9347 Mackenzie Plains
Hopkinsfurt, IL 22060",Yes,2.0,2.0,346.34,4.0,1.0,1.0,411.0,2
22,Linda Holland,cmunoz@example.net,24,001-315-481-4955,"272 Williams Circles
Jamesbury, PR 39893",Yes,1.0,3.0,133.22,4.0,1.0,1.0,411.0,2
23,William Berry,dgoodwin@example.org,18,4579078940,"95804 Orozco Estate Apt. 250
North Lisa, GU 83830",No,2.0,4.0,458.64,4.0,2.0,1.0,421.0,0
24,Amber Fox,karen63@example.net,24,001-941-901-6766x190,"12946 Ward Mill Suite 100
Phillipfort, NV 20746",No,6.0,5.0,3605.31,4.0,3.0,3.0,433.0,0
25,Anthony Bowers,owhite@example.org,46,+1-234-387-0678x9291,"50995 Romero Skyway Apt. 972
Carrilloview, PR 21885",No,8.0,5.0,543.3399999999999,3.0,3.0,1.0,331.0,0
26,Adam Johns,tonya47@example.org,37,(583)882-4260x90593,"4380 Christopher Overpass
North Kelly, NM 02922",Yes,6.0,4.0,2123.71,4.0,2.0,2.0,422.0,0
27,Katie Jimenez,thomaskevin@example.org,27,(388)305-4505x689,"4846 Nicholas Forges Suite 641
Knightchester, ID 94063",No,1.0,4.0,2721.96,4.0,2.0,2.0,422.0,0
28,Gregory Shelton,taylor35@example.com,44,001-481-814-7521x10085,"017 Kimberly Islands
Michaelview, AL 49996",No,4.0,6.0,374.31,4.0,4.0,1.0,441.0,0
29,Felicia Anderson,charris@example.com,28,607-828-5570x0465,"396 Santos Throughway Suite 511
Morrisshire, NJ 53409",Yes,3.0,5.0,4325.22,4.0,3.0,3.0,433.0,0
30,Kelly Ferguson,brianrogers@example.org,40,+1-836-506-2047,"58564 Hunter Expressway
Joshuafort, MA 59442",No,8.0,3.0,1803.35,3.0,1.0,2.0,312.0,2
31,William Ortega,jasonhernandez@example.net,31,+1-712-564-5997x477,"77326 Lisa Springs Apt. 414
East Derekchester, OH 68212",No,13.0,3.0,1555.32,3.0,1.0,2.0,312.0,2
32,Morgan Grant,mackmichael@example.org,22,(508)351-8837,"84215 Tiffany Common Apt. 158
Lake Anita, NE 83556",No,5.0,7.0,2540.65,4.0,4.0,2.0,442.0,0
33,Todd Patton,mark67@example.net,29,+1-632-878-8199x263,"40429 Estrada Shore
Lake Jillian, KS 19728",Yes,15.0,6.0,1886.48,3.0,4.0,2.0,342.0,0
34,Michael Weaver,victoriaramos@example.com,37,+1-605-736-7688x7130,"Unit 3261 Box 7118
DPO AE 71403",Yes,7.0,4.0,2159.06,3.0,2.0,2.0,322.0,0
35,Jose Nguyen,landrymarie@example.net,37,+1-670-743-0726x709,"30284 Medina Inlet Suite 983
New Robert, WA 60840",No,6.0,3.0,386.91,4.0,1.0,1.0,411.0,2
36,Stephen Martinez,sandovalclaudia@example.org,43,519-883-4219x960,"5604 David Neck
Robinsonhaven, KS 22608",Yes,16.0,4.0,6657.08,2.0,2.0,4.0,224.0,1
37,Anna Russell,john53@example.com,31,001-693-392-0218x347,"49066 Shelley Heights Suite 468
Ginamouth, WA 50047",Yes,11.0,6.0,825.49,3.0,4.0,1.0,341.0,0
38,Edward Roach,janealvarez@example.net,30,945-995-5127,"98611 Thomas Loaf Apt. 727
North Michael, MD 75506",Yes,14.0,4.0,3388.26,3.0,2.0,3.0,323.0,0
39,Bryan Tran,murrayangela@example.com,41,9358762451,"0928 Randy Plain
Gabrielletown, IN 80625",Yes,1.0,3.0,4871.75,4.0,1.0,3.0,413.0,2
40,Christina Garcia,eric00@example.com,28,902.236.3660,"91058 Roberts Drive
Shanechester, AL 01390",Yes,2.0,6.0,4133.88,4.0,4.0,3.0,443.0,0
41,Nicole Winters,kevin26@example.org,18,(320)411-8777x901,"9213 Colon Ridges
Jeromeside, NM 90908",Yes,18.0,1.0,88.80000000000001,2.0,1.0,1.0,211.0,2
42,Shawn Mcknight,vfreeman@example.com,25,+1-511-640-0164x2395,"9354 Lara Prairie Apt. 106
Holtton, VT 69966",No,7.0,3.0,2128.46,3.0,1.0,2.0,312.0,2
43,Connie Yates,pmanning@example.org,33,+1-814-740-1992,"4448 Wright Junctions
Michaelfort, ME 18214",Yes,5.0,5.0,9493.55,4.0,3.0,4.0,434.0,1
44,Meredith Kirby,stephen81@example.org,31,001-855-745-2211,"97699 Jason Walks
Lake Rachelborough, AS 39766",Yes,4.0,2.0,67.19,4.0,1.0,1.0,411.0,2
45,Derrick Lynch,danielhuang@example.net,23,(822)568-8246x74463,"241 Gina Square Suite 073
Davidtown, RI 71753",Yes,,,,,,,,0
46,John Stokes,randallrobert@example.com,18,001-248-232-4385x75169,"63245 Reyes Forest
New Christine, RI 78408",No,5.0,7.0,1512.97,4.0,4.0,2.0,442.0,0
47,Dale Ross,christy47@example.org,36,6899751905,"Unit 5281 Box 8175
DPO AA 80877",Yes,5.0,5.0,2887.9400000000005,4.0,3.0,2.0,432.0,0
48,Tiffany Rodriguez,ambernelson@example.net,60,9376137960,"00945 Stephanie Cliff
Fletcherchester, HI 85735",Yes,6.0,3.0,1796.41,4.0,1.0,2.0,412.0,2
49,Emily Lynn,qgonzalez@example.net,40,001-369-988-2211x21977,"9001 Mack Burg
North Alyssa, IN 08654",No,15.0,3.0,8242.58,3.0,1.0,4.0,314.0,1
50,April Brown,wheelergina@example.com,36,001-708-420-7146,"18709 Cynthia Stravenue Suite 787
Dennishaven, RI 79772",No,10.0,3.0,2565.86,3.0,1.0,2.0,312.0,2
51,Kristin Salazar,wdominguez@example.net,27,(692)705-7143x3930,"PSC 6608, Box 8565
APO AA 30270",Yes,1.0,5.0,1980.08,4.0,3.0,2.0,432.0,0
52,Sherry Bennett,jenniferconrad@example.org,28,912-544-7726x017,"73755 Ryan Harbor
Gonzalezport, OR 75724",No,5.0,5.0,2590.62,4.0,3.0,2.0,432.0,0
53,Kim Stewart,sandradavis@example.com,39,865.442.7851x5071,"3787 Kathleen Throughway Suite 569
Simsbury, MO 45467",Yes,17.0,2.0,2668.21,2.0,1.0,2.0,212.0,2
54,Wendy Novak,ucastro@example.com,24,234.625.4522x8889,"10052 Bernard Via Suite 235
Patriciashire, NM 83622",No,6.0,10.0,6901.33,4.0,4.0,4.0,444.0,3
55,Scott Hansen,tina67@example.com,28,001-502-503-2495,"309 Christina Viaduct Suite 428
Davidberg, MS 19024",Yes,2.0,3.0,3261.2300000000005,4.0,1.0,3.0,413.0,2
56,Bryan Page,lauracarroll@example.net,46,644-987-7192,"0039 Jackson Springs Suite 973
Teresaborough, CO 21376",Yes,10.0,5.0,2098.49,3.0,3.0,2.0,332.0,0
57,James Collins,jennifer02@example.com,30,001-828-233-8369x158,"1779 Ronnie Landing Suite 272
Ryanmouth, CT 55897",Yes,13.0,1.0,212.43,3.0,1.0,1.0,311.0,2
58,Vickie Vargas,marcia86@example.com,35,(992)882-0174x54061,"823 Li Loaf Suite 487
Williamstown, PA 38314",No,4.0,3.0,2092.96,4.0,1.0,2.0,412.0,2
59,Richard Johnson,sergiojohnson@example.net,35,665-977-9787x7781,"1640 Rodriguez River
Jennifertown, WI 31110",Yes,4.0,5.0,5391.42,4.0,3.0,3.0,433.0,0
60,Justin Hunt,smithjessica@example.org,26,+1-490-985-4141x258,"Unit 8798 Box 5173
DPO AA 92704",No,8.0,6.0,1628.2599999999998,3.0,4.0,2.0,342.0,0
61,Heather Rodriguez,johnsonthomas@example.com,38,001-325-453-8398x021,"7189 Aaron Island Suite 019
Michaelland, TX 23831",Yes,7.0,4.0,5826.37,3.0,2.0,3.0,323.0,1
62,Teresa Peters,evanjackson@example.com,28,839.785.6743x003,"7961 Alexandra Loaf
Raymondland, MN 47631",Yes,7.0,3.0,4824.990000000001,3.0,1.0,3.0,313.0,2
63,Robert Moore,kerri48@example.net,18,9817192768,"75969 Smith Greens
New Nancyberg, FL 81780",Yes,2.0,5.0,5384.46,4.0,3.0,3.0,433.0,0
64,Deanna Wallace,scottjohn@example.com,40,840.445.7288x99878,"7332 Joy Ridge
Barryhaven, CT 44476",No,3.0,3.0,294.53,4.0,1.0,1.0,411.0,2
65,Susan Lopez,jason78@example.com,40,9015711078,"Unit 1978 Box 7039
DPO AE 18648",No,9.0,4.0,4290.81,3.0,2.0,3.0,323.0,0
66,Carrie Carrillo,dylanlee@example.com,18,6974870493,"2766 Jeffrey Highway Apt. 984
East Billyburgh, MA 17096",Yes,10.0,6.0,3648.7,3.0,4.0,3.0,343.0,0
67,Tammy Valencia,laura37@example.org,38,616.767.9794x273,"7158 Campbell Overpass Apt. 733
Patrickshire, SC 30459",Yes,6.0,3.0,2379.23,4.0,1.0,2.0,412.0,2
68,Julia Rodriguez,joseph09@example.com,47,8037265168,"8435 Katherine Plain
Nicholasfort, FL 44482",No,2.0,10.0,10902.36,4.0,4.0,4.0,444.0,3
69,Pamela Vega,colleen72@example.com,32,524.881.6156,"042 Justin Crossroad
Kelleybury, LA 44766",Yes,1.0,4.0,480.47,4.0,2.0,1.0,421.0,0
70,Melanie Elliott,psoto@example.net,38,956.522.8252,"Unit 3240 Box 2279
DPO AA 83478",Yes,8.0,4.0,2781.27,3.0,2.0,2.0,322.0,0
71,Melissa Gomez,steelecandice@example.com,30,3115518205,"578 Mathews Dale
Michaelburgh, TX 63067",No,9.0,4.0,6999.66,3.0,2.0,4.0,324.0,1
72,Amber Little,wrightdustin@example.com,20,365.510.7182x198,"27750 Mark Crossing Apt. 298
Skinnerhaven, SC 18723",No,20.0,1.0,44.58,2.0,1.0,1.0,211.0,2
73,Kelly Day,gunderwood@example.com,45,+1-238-573-1793x63677,"5485 Matthew Gardens
Michellefurt, MD 46693",Yes,9.0,4.0,9215.79,3.0,2.0,4.0,324.0,1
74,Jocelyn Walker,whitemichael@example.net,52,386-857-3452x6796,"USCGC Welch
FPO AE 49168",No,7.0,4.0,2833.59,3.0,2.0,2.0,322.0,0
75,Mark Anderson,osmith@example.net,48,563.356.1253x076,"70015 Eric Passage
New Brandonville, OH 53643",No,5.0,2.0,4348.95,4.0,1.0,3.0,413.0,2
76,Nicole Newton,aguilarjoshua@example.net,26,514-909-1106,"19991 Matthew Fords
Loganhaven, WI 78158",No,10.0,3.0,5152.380000000001,3.0,1.0,3.0,313.0,2
77,Lauren Jackson,samanthaclay@example.net,28,851-623-1141x23913,"459 Roberts Pass Suite 617
Mccallbury, PW 33325",Yes,14.0,3.0,161.32,3.0,1.0,1.0,311.0,2
78,Dawn Wilson,jennifermccullough@example.com,35,892.748.0312x0198,"3132 Matthew Estate Apt. 964
Gonzalezburgh, MI 62867",Yes,6.0,4.0,1247.07,4.0,2.0,2.0,422.0,0
79,Ronnie Mcclain,martinezderek@example.net,35,+1-389-332-3692x57697,"98494 Tracey Ville Suite 477
Caldwellburgh, UT 07976",Yes,16.0,3.0,1131.22,2.0,1.0,2.0,212.0,2
80,Dr. Nicole Matthews,icervantes@example.org,24,7916443697,"14643 Katie Ville
Lake James, FM 22086",Yes,7.0,6.0,838.12,3.0,4.0,1.0,341.0,0
81,Katrina Gillespie,sandersjose@example.net,42,8629075839,"USS Howell
FPO AE 95506",No,4.0,6.0,3739.93,4.0,4.0,3.0,443.0,0
82,Christina Mora,vmorales@example.net,34,(719)521-1185x765,"830 Rogers Plains
South Stevenstad, AL 57524",Yes,19.0,3.0,3279.33,2.0,1.0,3.0,213.0,2
83,Kristopher Moore,dawnrice@example.com,31,+1-799-264-2609,"5945 Beverly Loaf
Whitefurt, MO 59524",No,13.0,5.0,887.3100000000001,3.0,3.0,1.0,331.0,0
84,Gina Irwin,vincentspencer@example.net,39,860-220-6116,"1643 Stephen Mews
Andrewstad, IN 60478",Yes,3.0,5.0,3126.02,4.0,3.0,3.0,433.0,0
85,Rebecca Fields,montgomeryaustin@example.org,45,590.339.3162x652,"2475 Margaret Burgs
Kathrynberg, TN 39402",Yes,19.0,3.0,380.33,2.0,1.0,1.0,211.0,2
86,Hayden Hayes,mcdonalddonna@example.com,32,837.302.3209,"05308 Teresa Curve
Nguyenburgh, PR 39636",No,6.0,4.0,1826.25,4.0,2.0,2.0,422.0,0
87,Virginia Ingram,margaretwilliams@example.com,44,793-639-3309x36869,"05678 William Trace Suite 989
North John, VI 72645",Yes,19.0,8.0,5849.530000000001,2.0,4.0,3.0,243.0,3
88,Jenna Mitchell,barry53@example.org,48,954-562-3743x4328,"8902 Michelle River
Lake Pamfurt, PA 91147",Yes,8.0,4.0,161.53,3.0,2.0,1.0,321.0,0
89,Jeffery Martinez,nicole85@example.net,41,(528)695-8109x34555,"246 Bennett Mountains
Angelicaview, PR 45430",Yes,6.0,3.0,3668.81,4.0,1.0,3.0,413.0,2
90,Susan Martin,daniel37@example.com,18,611.360.2230,"7746 Laura Mission
Port Joseph, RI 13960",Yes,9.0,4.0,2979.57,3.0,2.0,2.0,322.0,0
91,Linda Day,bmason@example.org,39,(389)920-2149x546,"212 Shannon Mission
Colestad, DE 78817",Yes,2.0,4.0,3264.98,4.0,2.0,3.0,423.0,0
92,Katelyn Ray,phillip46@example.net,37,+1-606-481-0709x644,"Unit 1496 Box 2390
DPO AP 33804",Yes,17.0,2.0,118.65,2.0,1.0,1.0,211.0,2
93,Mercedes Baker,qrichard@example.org,29,+1-298-375-0252,"668 Karen Terrace Suite 301
Masseyville, PW 81056",Yes,12.0,4.0,852.45,3.0,2.0,1.0,321.0,0
94,Tyler Gardner,brenda51@example.com,40,(529)203-2060x76429,"778 Brandon Garden
Dianeport, IN 20018",No,5.0,7.0,5811.96,4.0,4.0,3.0,443.0,0
95,William Hopkins,ramirezpaige@example.net,39,001-876-296-9252,"498 Kenneth Lakes
Saraport, IA 40633",No,,,,,,,,0
96,Michael Kelly,wcontreras@example.org,43,458.957.7874,"598 Price Corners Apt. 845
Dawnhaven, VT 26047",Yes,2.0,9.0,1360.91,4.0,4.0,2.0,442.0,0
97,Peter Nash,novakpeter@example.com,45,+1-412-839-1166,"528 Richardson Extensions Apt. 199
North Breannaburgh, WA 42622",No,8.0,4.0,524.99,3.0,2.0,1.0,321.0,0
98,Michael Garcia,thomasbutler@example.org,41,(884)478-2538,"622 Long Causeway Apt. 404
Robinborough, GA 05505",No,4.0,4.0,4991.55,4.0,2.0,3.0,423.0,0
99,Alexandria Gaines,archerlee@example.com,36,(923)662-4440,"75020 Walker Rue Suite 579
Powersburgh, UT 52463",Yes,3.0,3.0,4948.0,4.0,1.0,3.0,413.0,2
100,Richard Kelley,daniel34@example.net,33,721.222.7329x9525,"608 Kevin Forest
Perryton, MP 09944",Yes,12.0,2.0,302.16,3.0,1.0,1.0,311.0,2
101,Heather Mueller,jasonkennedy@example.net,33,423.803.5200x5473,"37829 Vicki Lakes Apt. 449
Francisbury, VI 80706",No,3.0,7.0,1633.89,4.0,4.0,2.0,442.0,0
102,Heather Ewing,fhester@example.org,38,6125757299,"09061 Bryant Mountains
New Timothyfort, RI 45625",Yes,11.0,3.0,467.02,3.0,1.0,1.0,311.0,2
103,Andrew Gregory,marcus63@example.com,32,+1-432-303-0930x74355,"Unit 9153 Box 4833
DPO AE 42015",No,5.0,1.0,51.02,4.0,1.0,1.0,411.0,2
104,Nicole Jimenez,adamsdenise@example.com,26,(594)715-6448,"PSC 5247, Box 7697
APO AA 11944",Yes,20.0,1.0,204.0,2.0,1.0,1.0,211.0,2
105,Stephanie Long,coltonferguson@example.net,20,742.702.9529x212,"355 Rachael Freeway
Raymondhaven, IN 29743",Yes,3.0,1.0,204.0,4.0,1.0,1.0,411.0,2
106,Nicholas Johnson,christianrobinson@example.net,32,+1-417-623-5329x8686,"0933 Jonathan Ways
Lake Sarahmouth, ND 17321",Yes,4.0,6.0,4606.83,4.0,4.0,3.0,443.0,0
107,Victoria Hawkins,ralphlynch@example.com,35,856.926.2518x889,"581 Hudson Isle Apt. 912
Woodsside, LA 01597",Yes,3.0,4.0,1200.69,4.0,2.0,2.0,422.0,0
108,Stephanie Morris,xlee@example.com,32,+1-729-488-0767,"USCGC Summers
FPO AA 53637",Yes,7.0,4.0,2729.33,3.0,2.0,2.0,322.0,0
109,Amy Jackson,michael45@example.com,41,(743)714-4738,"60466 Sanchez Lakes
Sierraview, LA 15955",No,1.0,8.0,2977.09,4.0,4.0,2.0,442.0,0
110,Michael Gallegos,pennyaguirre@example.net,31,480.329.8633x3050,"USNS Hamilton
FPO AE 31995",Yes,5.0,3.0,414.38,4.0,1.0,1.0,411.0,2
111,Brianna Davis,davidsingh@example.com,35,268-785-4003x81612,"79733 Shannon Ports Suite 145
Mikefurt, OH 50081",Yes,5.0,3.0,1811.03,4.0,1.0,2.0,412.0,2
112,Miranda Knight,stacy35@example.org,41,+1-505-329-8892x541,"84587 Davis Road Apt. 761
Garrettmouth, TN 42060",Yes,3.0,6.0,9141.3,4.0,4.0,4.0,444.0,1
113,Caitlin Lawson,bishopian@example.com,53,(644)940-3719,"USCGC Ramirez
FPO AE 72468",No,3.0,4.0,2585.84,4.0,2.0,2.0,422.0,0
114,Karen Patterson,alicia13@example.net,39,9436461127,"6179 Velasquez Land
South Angelicaborough, NE 11391",Yes,1.0,4.0,4084.35,4.0,2.0,3.0,423.0,0
115,Joseph Perez,michellehenderson@example.com,49,415-662-4489x93542,"222 Griffin Roads
Larsonfurt, MP 56561",Yes,6.0,5.0,3178.21,4.0,3.0,3.0,433.0,0
116,Catherine Gilbert,vanessa42@example.org,39,738.492.9770,"7548 Charles Rapid Apt. 109
Sellersberg, WI 66346",Yes,1.0,7.0,5082.3,4.0,4.0,3.0,443.0,0
117,James Bond,codycervantes@example.com,23,+1-433-453-7390,"26897 Joseph Heights
Jonesborough, NY 62973",Yes,11.0,3.0,3033.28,3.0,1.0,3.0,313.0,2
118,Sara George,courtneyhamilton@example.org,41,+1-742-821-5365x876,"19852 Cox Wells Apt. 157
Port Lanceshire, NM 76027",Yes,3.0,6.0,1340.2,4.0,4.0,2.0,442.0,0
119,Carly Butler,ryan76@example.org,30,4914002104,"010 Kelly Overpass Suite 767
Sarahside, VI 62017",No,2.0,8.0,7884.22,4.0,4.0,4.0,444.0,3
120,Steve Kelly,briangibson@example.net,23,+1-765-430-0487x900,"4004 Samuel Road Apt. 844
West Karichester, RI 87485",No,2.0,4.0,1220.4299999999998,4.0,2.0,2.0,422.0,0
121,Monica Miranda,kramervictor@example.com,31,001-321-416-4577x90581,"6617 James Crest
Lawrencebury, ME 23975",Yes,1.0,4.0,854.5799999999999,4.0,2.0,1.0,421.0,0
122,John Gray,jason18@example.org,19,(705)673-6117x7780,"748 Sierra Garden Apt. 889
Mortonborough, MA 87355",Yes,10.0,8.0,2447.36,3.0,4.0,2.0,342.0,0
123,Anthony Haynes,melissavargas@example.net,38,(368)590-7248x04441,"0692 Donna Hills Apt. 754
Laurafurt, PW 00502",No,25.0,1.0,324.15,2.0,1.0,1.0,211.0,2
124,Justin Nguyen,vcherry@example.net,23,001-771-316-6620x44169,"91933 Porter Mission Apt. 626
Port Brianville, MT 79368",Yes,3.0,3.0,4826.01,4.0,1.0,3.0,413.0,2
125,Stephen Blankenship,ahunt@example.org,53,(931)913-9185,"6054 Obrien Haven
Byrdfort, PW 01585",No,17.0,6.0,4290.35,2.0,4.0,3.0,243.0,0
126,Mary Hernandez,robertgross@example.com,48,+1-501-338-6151x638,"4727 Linda Parkways Suite 363
Mooreland, FL 95874",Yes,13.0,4.0,601.73,3.0,2.0,1.0,321.0,0
127,John Juarez,robert74@example.com,18,001-936-622-2263x77497,"PSC 4975, Box 7017
APO AP 32715",No,3.0,3.0,3155.8,4.0,1.0,3.0,413.0,2
128,Michael Casey,rmeyer@example.com,49,268-921-7948,"6349 Catherine Radial Apt. 629
Olsenhaven, AK 46582",Yes,4.0,4.0,3895.32,4.0,2.0,3.0,423.0,0
129,William Sherman,emilychase@example.net,24,531.997.1064,"525 Ayers Landing Apt. 058
Olsonborough, LA 70305",Yes,1.0,4.0,515.8199999999999,4.0,2.0,1.0,421.0,0
130,Ryan Rodriguez,marquezjonathan@example.net,43,939-934-3894x61491,"023 Lisa Crest Suite 627
Fisherfurt, MT 39716",No,3.0,3.0,286.39,4.0,1.0,1.0,411.0,2
131,Rachel Ramsey,peggylawrence@example.org,29,3633507090,"USNS Jimenez
FPO AE 14550",Yes,2.0,3.0,262.63,4.0,1.0,1.0,411.0,2
132,Edward Larson,juanpineda@example.org,19,001-295-789-8774x60329,"257 Jack Prairie Suite 069
Tammybury, VT 38073",Yes,2.0,4.0,2645.08,4.0,2.0,2.0,422.0,0
133,Kathryn Brown,kellydebbie@example.net,52,714-703-2555x431,"5446 John Overpass
Rodgersville, UT 95062",No,5.0,4.0,3381.63,4.0,2.0,3.0,423.0,0
134,Curtis Cox,andreneal@example.org,37,(340)268-7150x55822,"7078 Cox Canyon Apt. 146
Garciabury, NH 82240",Yes,2.0,5.0,2834.8700000000003,4.0,3.0,2.0,432.0,0
135,Jason Sexton,archerstephen@example.org,23,001-523-771-6421x27003,"861 Michael Radial
Cindymouth, LA 22550",No,6.0,4.0,768.3299999999999,4.0,2.0,1.0,421.0,0
136,Austin Turner,joshuamartinez@example.com,28,001-820-311-9977,"8542 Robert Expressway Suite 207
Sullivanstad, SC 98938",Yes,2.0,6.0,1089.41,4.0,4.0,2.0,442.0,0
137,Wanda Mcfarland,palmergabriel@example.org,27,252-750-0427,"1845 Donna Row
North Bryanmouth, MP 81308",No,4.0,5.0,1496.1699999999998,4.0,3.0,2.0,432.0,0
138,Michael Ortiz,michael04@example.net,31,(900)640-9037x681,"0432 Anthony Island Suite 831
West Charles, KY 91473",Yes,7.0,4.0,4665.65,3.0,2.0,3.0,323.0,0
139,Eric Smith,williselizabeth@example.com,21,001-237-782-2739x3832,"02684 Skinner Walk Suite 525
East Leonardland, KY 73818",Yes,6.0,2.0,1876.94,4.0,1.0,2.0,412.0,2
140,Cynthia Wilcox,sgarcia@example.net,39,718.381.5630,"6911 Lowery Radial
Beckbury, FM 35766",Yes,3.0,6.0,6126.71,4.0,4.0,3.0,443.0,0
141,Scott Dyer,jennifer32@example.net,49,(753)709-8640x782,"728 Katherine Crossroad Suite 366
East Sherishire, GU 35538",Yes,2.0,5.0,3006.1000000000004,4.0,3.0,2.0,432.0,0
142,Derek King MD,julie35@example.org,24,001-706-577-8683x4647,"15689 Jose Plaza Suite 283
Johnchester, NV 52823",No,12.0,4.0,310.56,3.0,2.0,1.0,321.0,0
143,Hailey Gray,dawsonmatthew@example.com,27,001-580-764-2598x63181,"87600 Hannah Green Suite 000
Smithmouth, VT 40027",Yes,3.0,4.0,2484.73,4.0,2.0,2.0,422.0,0
144,April Mcdonald,lisabarber@example.com,39,(763)375-2051x8662,"569 Martin Forest
South Benjamintown, CT 51939",No,2.0,7.0,3189.8,4.0,4.0,3.0,443.0,0
145,Mr. Gregory Perez,hardingmichael@example.org,23,6849666803,"USS Marshall
FPO AA 01744",Yes,8.0,6.0,2661.04,3.0,4.0,2.0,342.0,0
146,Wesley Nunez,pprice@example.net,40,+1-521-797-1985x561,"94535 Chloe Walk
West Sarahville, MH 79464",No,9.0,4.0,354.38,3.0,2.0,1.0,321.0,0
147,Joseph White,paulwood@example.net,27,+1-839-567-2480x2881,"46367 Tina Lights Apt. 840
South Darryl, WA 87816",No,3.0,2.0,4645.7,4.0,1.0,3.0,413.0,2
148,George Smith,julie70@example.org,41,562-350-1267,"800 Patrick Port Apt. 705
West Eric, MD 75437",No,1.0,4.0,3561.78,4.0,2.0,3.0,423.0,0
149,Thomas Nunez,frankmelissa@example.org,28,(604)270-3497,"4935 Hannah Mission Suite 902
Port Jeffreyview, NE 10225",No,1.0,4.0,4216.59,4.0,2.0,3.0,423.0,0
150,Sarah Booth,eramirez@example.net,25,+1-800-888-9127x14314,"3716 Maria Squares Suite 038
Kimberlyfurt, FM 86202",No,5.0,7.0,2171.69,4.0,4.0,2.0,442.0,0
151,Thomas Morton,amanda36@example.org,38,(314)917-3314,"60334 Caleb Forge
Richardmouth, HI 53421",Yes,14.0,2.0,1205.73,3.0,1.0,2.0,312.0,2
152,Brittany Hernandez,wanda45@example.com,41,918-237-8804x092,"30260 Edwards Glens
Teresaside, HI 43446",No,15.0,6.0,671.57,3.0,4.0,1.0,341.0,0
153,Kaitlyn Alvarez,ortegabrian@example.org,54,384-724-8911x8607,"5337 Williams Forest
Jasonfort, OH 39790",No,1.0,3.0,4394.83,4.0,1.0,3.0,413.0,2
154,Timothy Robinson,jeffreyross@example.org,29,940-288-9934,"551 John Gateway Apt. 862
West Pamela, WI 48405",Yes,4.0,7.0,9444.47,4.0,4.0,4.0,444.0,3
155,Scott Myers,jacob34@example.net,23,(709)991-3479x48270,"25533 Doyle Road Suite 711
South Gary, MI 74872",No,1.0,4.0,1954.18,4.0,2.0,2.0,422.0,0
156,Jasmine Brown,jessicabrown@example.net,43,853.806.9505,"51529 Anita Prairie
Wendyfurt, NC 47978",No,9.0,4.0,846.2299999999999,3.0,2.0,1.0,321.0,0
157,Derrick Jenkins,emorrison@example.com,48,+1-639-908-5642x791,"4810 Barnes Walk Suite 862
Randolphstad, DC 39365",Yes,4.0,5.0,4421.91,4.0,3.0,3.0,433.0,0
158,Destiny Jones,charles25@example.org,52,+1-968-840-0595x31861,"44437 Joseph Pike
Jonesfort, NY 72842",No,11.0,3.0,2504.3,3.0,1.0,2.0,312.0,2
159,Susan Garrison,suzanneschneider@example.net,20,806-681-4241,"604 Rose Camp Suite 870
Port Rhonda, SC 54238",No,12.0,5.0,3112.63,3.0,3.0,3.0,333.0,0
160,Bradley Vega,ugrimes@example.org,36,(485)904-5166x88698,"969 Anderson Village
Port Amanda, AR 01930",No,9.0,2.0,145.74,3.0,1.0,1.0,311.0,2
161,Jay Green,richard45@example.org,45,001-799-891-0792,"72528 Kenneth Manors
East Tammy, TX 50383",No,6.0,4.0,5640.55,4.0,2.0,3.0,423.0,0
162,Stephen Ritter,echambers@example.org,21,5154644154,"0380 Brooks Square
Andersonborough, KY 89637",Yes,12.0,3.0,8025.93,3.0,1.0,4.0,314.0,1
163,Mathew Grimes,howardglenn@example.com,18,+1-730-669-4786,"17252 Moore Fall Suite 482
Diamondmouth, WY 72084",Yes,4.0,3.0,2435.29,4.0,1.0,2.0,412.0,2
164,Bill Mcdonald,aliceboyd@example.net,42,001-402-437-2120,"74577 Lee Inlet Apt. 103
East Christianchester, FM 32338",No,4.0,4.0,599.31,4.0,2.0,1.0,421.0,0
165,Stephanie Krueger,ddaniel@example.com,30,(425)796-8115,"4468 Marc Burg Apt. 229
West Jennifer, IL 83135",Yes,4.0,2.0,442.69,4.0,1.0,1.0,411.0,2
166,Emily Lee,davidthomas@example.net,29,(464)903-8773x00982,"08950 Lauren Pines Suite 833
East Tyler, NE 14768",No,3.0,5.0,3887.69,4.0,3.0,3.0,433.0,0
167,Bernard Austin,aguirrecameron@example.org,25,+1-563-437-4635x67358,"15026 Mark Estate Suite 725
Markburgh, CT 46834",Yes,5.0,5.0,978.51,4.0,3.0,2.0,432.0,0
168,Timothy Nichols,steven09@example.com,35,+1-242-769-8237,"62958 Laura Meadow Suite 610
Adrianstad, OR 47470",Yes,35.0,5.0,3870.48,2.0,3.0,3.0,233.0,0
169,Penny Sanchez,danielmark@example.net,37,+1-892-912-3560x1018,"082 Wesley Extensions
West Danny, WV 44624",Yes,83.0,1.0,19.71,1.0,1.0,1.0,111.0,2
170,Samuel Mckay,katherine20@example.com,37,4322448943,"0871 Molina Isle Suite 909
Wilsonborough, NJ 22872",No,19.0,5.0,3215.65,2.0,3.0,3.0,233.0,0
171,Michael Snyder,lauriehebert@example.org,23,001-500-459-8130,"11236 Durham Crossroad
Roweton, VI 49580",No,13.0,5.0,515.5799999999999,3.0,3.0,1.0,331.0,0
172,Marissa Reeves,sking@example.org,36,001-320-471-2993x3293,"375 Alvarez Villages Apt. 096
Lake Amanda, PA 60816",No,4.0,6.0,3122.04,4.0,4.0,3.0,443.0,0
173,Jordan Donaldson,lgarrett@example.net,18,(964)792-2938,"USCGC Miller
FPO AP 41891",Yes,32.0,5.0,676.3199999999999,2.0,3.0,1.0,231.0,0
174,Cole Evans,wardkatrina@example.com,34,001-644-743-5141x47029,"155 Moore Underpass
Davisport, MI 51239",No,42.0,1.0,1795.98,2.0,1.0,2.0,212.0,2
175,Trevor Hall,juliakirby@example.org,31,321.739.1661,"6483 Ashley Forges
Port Philip, MO 04233",Yes,30.0,3.0,161.45,2.0,1.0,1.0,211.0,2
176,Scott Lee,codypeters@example.net,43,+1-880-865-5208x5084,"734 Horn Terrace Suite 226
Schultzton, PA 72009",Yes,4.0,3.0,4908.31,4.0,1.0,3.0,413.0,2
177,Laurie Mooney PhD,brandon54@example.com,42,500.289.7969,"1026 Clayton Squares Apt. 678
Port Deannastad, FM 91269",Yes,63.0,1.0,29.55,1.0,1.0,1.0,111.0,2
178,Kayla Anderson,scottwilliam@example.org,40,269.822.0883x4137,"981 Sanchez Flats
South Dustinshire, IN 24599",Yes,40.0,2.0,83.0,2.0,1.0,1.0,211.0,2
179,Elizabeth Brooks,alyssamacdonald@example.net,47,213-347-9290x99970,"109 Michael Ville
Lake Mary, WV 48565",Yes,29.0,4.0,596.1700000000001,2.0,2.0,1.0,221.0,0
180,Michael Smith,jacobsonryan@example.org,31,+1-507-716-7644x5191,"Unit 2644 Box 7484
DPO AA 26048",Yes,50.0,3.0,141.66,1.0,1.0,1.0,111.0,2
181,Kathleen Torres,salinasteresa@example.net,27,315.319.1962x14710,"63240 Jefferson Harbor Apt. 845
Williamsside, SD 31549",No,16.0,6.0,7375.2,2.0,4.0,4.0,244.0,0
182,Ann Smith,ashleymclean@example.com,30,814.243.2886x413,"7357 Douglas Tunnel
New Timothy, FM 42986",Yes,2.0,3.0,405.78,4.0,1.0,1.0,411.0,2
183,Dr. Natasha Willis,wvaldez@example.org,40,(370)550-6799,"54811 Smith Cliff Apt. 834
North Christytown, UT 12916",Yes,63.0,2.0,471.09,1.0,1.0,1.0,111.0,2
184,James Hall,rileynicholas@example.com,41,(920)625-5723,"030 Baker Center Apt. 420
Lake Kristi, FM 63952",No,43.0,1.0,101.1,2.0,1.0,1.0,211.0,2
185,Tom Gray,stevensonjeffrey@example.org,26,(261)997-8093x60709,"66656 James Walk
Donaldhaven, CA 79758",Yes,4.0,4.0,6471.97,4.0,2.0,3.0,423.0,1
186,Donna Chang,umay@example.com,43,704-990-7077,"19325 Phillips Ridge
Port Brentberg, IA 46458",Yes,1.0,3.0,1831.52,4.0,1.0,2.0,412.0,2
187,Peter Hoffman,phameric@example.org,33,001-519-272-6945x6130,"645 Villa Mall
Lake Jeffrey, KY 53565",No,4.0,7.0,4053.0,4.0,4.0,3.0,443.0,0
188,Oscar Young,sandradean@example.net,32,001-230-674-7454x9103,"54995 Wayne Place Suite 877
Port Brandon, WV 37332",Yes,32.0,3.0,1431.59,2.0,1.0,2.0,212.0,2
189,Caitlin Ortiz,jamiefisher@example.org,35,+1-442-350-6305x983,"582 Amanda Stream
East Victorchester, PR 87144",No,22.0,5.0,2886.66,2.0,3.0,2.0,232.0,0
190,Joan Beard,youngann@example.net,45,001-249-290-8169x8372,"PSC 2664, Box 1424
APO AE 95472",Yes,14.0,1.0,35.97,3.0,1.0,1.0,311.0,2
191,David Armstrong,xellis@example.org,39,852-209-8151x268,"Unit 0669 Box 4101
DPO AP 20554",No,24.0,3.0,424.89,2.0,1.0,1.0,211.0,2
192,Michael Richardson,cherylkirk@example.net,20,+1-336-747-1538,"5775 Snyder Skyway
West Bethanyton, LA 19492",Yes,4.0,8.0,1297.06,4.0,4.0,2.0,442.0,0
193,Jordan Anderson,brianscott@example.com,44,001-615-802-0340x803,"3506 Mclean Courts
Davisbury, FL 94193",No,7.0,4.0,1782.7900000000002,3.0,2.0,2.0,322.0,0
194,Richard Wilson,gboone@example.net,22,831-876-9935x23251,"00437 Mendoza Drives Apt. 109
North Kellyville, MN 74664",Yes,8.0,7.0,833.88,3.0,4.0,1.0,341.0,0
195,Ann Black,deleonbrad@example.net,40,(426)451-4775,"47465 Jerome Radial Apt. 893
Juliatown, AK 57174",No,,,,,,,,0
196,Arthur Taylor,sarah89@example.com,49,490.844.4939,"2317 Hamilton Ways Apt. 712
Johnsontown, PW 88514",Yes,45.0,3.0,500.82,1.0,1.0,1.0,111.0,2
197,Joshua Lopez,leblanctimothy@example.com,22,845-686-4502x31544,"9037 Shannon Locks
North Mary, GA 55631",No,32.0,4.0,302.93,2.0,2.0,1.0,221.0,0
198,David Burns,johnsonmatthew@example.org,28,231-649-0923,"3459 Jill Trace Apt. 996
Anthonyside, DC 51776",No,10.0,5.0,2131.03,3.0,3.0,2.0,332.0,0
199,Kenneth Brown,garciarichard@example.com,28,3032043138,"927 Fritz Extension
Port Mitchell, CT 50918",Yes,16.0,3.0,8171.93,2.0,1.0,4.0,214.0,1
200,Wayne Smith PhD,bradleywalker@example.net,25,+1-243-843-3774x70541,"6752 Wilson Common Suite 767
East Marytown, PA 48265",No,19.0,2.0,5762.799999999999,2.0,1.0,3.0,213.0,2
201,Kim Villegas,stanleyronald@example.org,25,+1-762-958-7151,"64280 Santiago Valleys
Edwardburgh, VA 37000",No,2.0,5.0,9197.85,4.0,3.0,4.0,434.0,1
202,Eric Kelley,cummingsmichael@example.net,32,+1-787-391-6752x839,"8340 Stephen Station
New Julianview, ND 04639",No,4.0,7.0,2459.1000000000004,4.0,4.0,2.0,442.0,0
203,Linda Banks,dblevins@example.net,38,309.213.5903x0609,"PSC 4357, Box 5145
APO AA 66273",No,26.0,4.0,3844.48,2.0,2.0,3.0,223.0,0
204,Joshua Knox,bcurry@example.org,32,+1-569-823-3343x1401,"971 Victoria Walk Suite 662
Martinland, OR 39594",Yes,,,,,,,,0
205,Briana Orr,jeremy25@example.net,38,(910)385-6045x07219,"586 Hawkins Lake
Lake Cynthia, GU 75539",No,6.0,2.0,110.35,4.0,1.0,1.0,411.0,2
206,Kimberly Golden,johnsondaniel@example.com,44,948.925.1158x7199,"1759 Jill Green Apt. 381
Reyeston, NV 88708",Yes,14.0,3.0,3187.02,3.0,1.0,3.0,313.0,2
207,Mr. Charles Mckinney,katelyn30@example.net,35,253-614-3440x62532,"99089 Douglas Gateway
Shannonborough, KY 20250",No,55.0,1.0,49.25,1.0,1.0,1.0,111.0,2
208,Richard Lee,danielle91@example.org,33,(341)631-3660x00658,"3870 Walton Ridges
Holmeston, AS 01260",No,41.0,3.0,309.87,2.0,1.0,1.0,211.0,2
209,Natasha Silva,ryandavies@example.com,40,5663843546,"Unit 9588 Box 2666
DPO AP 67890",Yes,18.0,4.0,642.4599999999999,2.0,2.0,1.0,221.0,0
210,Michael Hughes,amcdonald@example.com,18,458.616.3146x046,"177 Raymond Lane Suite 045
New Timothy, OH 81104",Yes,33.0,4.0,4897.530000000001,2.0,2.0,3.0,223.0,0
211,Jennifer Lopez,qharris@example.org,36,328-991-4007x5881,"0593 Heather Place
Martinland, SD 26025",Yes,56.0,1.0,1512.96,1.0,1.0,2.0,112.0,2
212,Jennifer Holland,ijones@example.org,18,623-535-0223,"9189 Frederick Squares
South Ian, PA 71353",No,4.0,3.0,298.44,4.0,1.0,1.0,411.0,2
213,Nicole Fletcher,hcarter@example.com,28,(560)426-6881x309,"7631 Lynn Views
South Deanna, ME 22693",Yes,3.0,7.0,4202.38,4.0,4.0,3.0,443.0,0
214,Anthony Lewis,david30@example.com,18,(320)683-9497x796,"055 Elizabeth Coves
Loganmouth, PA 90475",Yes,34.0,6.0,5015.749999999999,2.0,4.0,3.0,243.0,0
215,Stephen West,kristen96@example.org,42,375.642.7418,"70137 Tamara Vista
North Andrewmouth, MP 58303",No,21.0,5.0,623.92,2.0,3.0,1.0,231.0,0
216,Shelly Washington,brandoncobb@example.com,37,236-865-0271x759,"1938 Donald River Suite 377
Riveraville, MP 50517",No,14.0,5.0,2283.41,3.0,3.0,2.0,332.0,0
217,Jacob Adams,laura59@example.org,36,551.256.8942x21052,"41802 Jackson Ways Apt. 222
Jeffreyside, MN 69082",No,18.0,7.0,10786.12,2.0,4.0,4.0,244.0,3
218,Jessica Walls,qfrazier@example.org,22,857.201.4249x178,"71738 Washington Bridge
Whiteburgh, IN 43371",No,,,,,,,,0
219,Hector Nelson,sgriffin@example.net,42,5622057189,"975 Atkinson Fall Apt. 375
Yvetteberg, MH 33242",No,30.0,4.0,537.87,2.0,2.0,1.0,221.0,0
220,Joseph Garner,david67@example.net,46,869-301-2725,"750 Justin Burgs
East Karen, IN 57719",Yes,6.0,1.0,48.86,4.0,1.0,1.0,411.0,2
221,Kristina Romero,petersonwendy@example.org,27,3883502769,"44260 Nathaniel Summit
Lake Charles, AR 23939",Yes,34.0,2.0,302.04,2.0,1.0,1.0,211.0,2
222,James Graham,xwilliams@example.net,39,(492)294-1664x344,"1608 Sheila Lane Apt. 898
New Lisahaven, LA 43723",No,21.0,2.0,1738.0200000000002,2.0,1.0,2.0,212.0,2
223,Pamela Davis,ifleming@example.org,23,+1-218-411-9580x6642,"1466 Calhoun Lights Suite 249
West Chadbury, MT 94311",No,22.0,4.0,1389.05,2.0,2.0,2.0,222.0,0
224,Sabrina Jones,lindsaybullock@example.org,46,322-411-2655x1713,"USNS Mckinney
FPO AA 36240",No,16.0,4.0,2654.4,2.0,2.0,2.0,222.0,0
225,Gabriel Sullivan,xdavis@example.org,29,286.618.5015x72957,"65627 Frank Extension Suite 510
Troyland, SC 37017",No,,,,,,,,0
226,Laura Wallace,smithcarrie@example.net,18,001-476-994-5034x85615,"1736 Jackson Knoll
Brittanyville, CA 45287",Yes,7.0,4.0,2179.76,3.0,2.0,2.0,322.0,0
227,Peter Fitzgerald,allenwilliamson@example.net,44,383.412.1805x011,"789 Nicholas Path Suite 224
Doyleside, CO 35983",No,3.0,7.0,6440.24,4.0,4.0,3.0,443.0,0
228,Jason Ward,koliver@example.org,54,(706)203-6394,"39577 Smith Gardens Suite 488
Port Heatherhaven, OR 78988",No,22.0,7.0,1081.64,2.0,4.0,2.0,242.0,0
229,Reginald Gentry,tanderson@example.net,32,(618)389-0873x37770,"3420 Davis Forest Apt. 263
North Stephanie, WY 30131",Yes,9.0,5.0,6919.959999999999,3.0,3.0,4.0,334.0,1
230,Douglas Glover,claytonvaldez@example.net,30,5225823914,"931 Shari Village
Port Frederickside, AL 26462",No,4.0,5.0,6665.719999999999,4.0,3.0,4.0,434.0,0
231,Robert Morgan,ybrown@example.org,24,001-418-984-4605x0395,"967 Krista Lights
Maryhaven, VA 64436",No,41.0,8.0,6657.23,2.0,4.0,4.0,244.0,3
232,Stephanie Eaton,hendricksdouglas@example.net,30,302-461-6997,"PSC 1943, Box 9307
APO AP 29054",No,39.0,6.0,5332.700000000001,2.0,4.0,3.0,243.0,0
233,Regina Simon,coxjoseph@example.org,33,548-888-0950,"0183 Wood Trail
Velazquezside, NJ 87884",No,4.0,4.0,5379.16,4.0,2.0,3.0,423.0,0
234,Allen Williams,danielgarrett@example.org,25,001-463-750-0565x2669,"778 Deanna Spring
East Amanda, NV 77812",No,10.0,4.0,5789.09,3.0,2.0,3.0,323.0,1
235,Jacqueline Miles,ngreen@example.org,32,376.253.7280x2291,"8056 Brock Point Apt. 344
Harrisburgh, GU 45205",Yes,14.0,6.0,4881.59,3.0,4.0,3.0,343.0,0
236,Courtney Watts,ayersalexandra@example.com,44,8038464865,"0317 Diana Vista
North Anne, KS 84466",Yes,7.0,5.0,2151.74,3.0,3.0,2.0,332.0,0
237,Sean York,william27@example.net,28,001-229-780-5254x03764,"383 Renee Heights
Johnland, CO 41589",No,31.0,6.0,1838.34,2.0,4.0,2.0,242.0,0
238,Mrs. Alyssa Osborne MD,jamie63@example.org,42,+1-759-392-9851x008,"90157 Jacqueline Light Apt. 027
South Christine, UT 96031",Yes,20.0,2.0,334.83,2.0,1.0,1.0,211.0,2
239,Lauren Pope,ramseychristopher@example.com,58,(248)728-2384,"9851 Franco Shores Apt. 322
West Charles, AK 85965",No,11.0,2.0,63.870000000000005,3.0,1.0,1.0,311.0,2
240,Evelyn Ruiz,mario08@example.net,32,001-324-471-5095x53588,"99972 Clark Roads Apt. 691
East Bettyfort, PW 70335",Yes,36.0,3.0,281.88,2.0,1.0,1.0,211.0,2
241,Jorge Cox,larry26@example.com,37,001-413-335-9525x0257,"75163 Flores Meadows Apt. 401
Richardmouth, IL 90976",No,6.0,5.0,572.56,4.0,3.0,1.0,431.0,0
242,Dawn Carter,vcurry@example.org,42,(305)342-4172x3043,"Unit 0766 Box 5424
DPO AA 61152",No,4.0,5.0,4431.07,4.0,3.0,3.0,433.0,0
243,Anthony Hammond,schneidermelissa@example.com,18,001-680-914-3127x152,"8854 Harris Points Suite 675
North Karenfort, MN 18808",No,14.0,5.0,5482.77,3.0,3.0,3.0,333.0,0
244,Micheal Hale,nrodriguez@example.com,23,677.397.4459x1581,"PSC 6885, Box 5188
APO AP 62476",No,12.0,7.0,3929.47,3.0,4.0,3.0,343.0,0
245,Edward Wiggins,abrady@example.net,34,888.566.5683x390,"58319 Brown Stravenue Apt. 071
Butlerside, IL 29655",No,26.0,6.0,7594.39,2.0,4.0,4.0,244.0,1
246,Kelly Weber,john92@example.net,41,514.839.5368x59233,"76353 Vanessa Dam
Harrisville, FL 59923",Yes,9.0,4.0,1966.45,3.0,2.0,2.0,322.0,0
247,Bethany Burnett,elizabeth27@example.net,29,495.557.7849,"94143 Megan Turnpike
Stephenshaven, DC 91844",Yes,15.0,3.0,3731.71,3.0,1.0,3.0,313.0,2
248,Susan Williams,adrianachandler@example.net,36,001-635-781-7732x443,"83864 Jackson Roads Suite 756
Jennifermouth, KY 23359",Yes,53.0,2.0,325.85,1.0,1.0,1.0,111.0,2
249,Erin Horn,acasey@example.net,30,523.643.0600x586,"1406 Rachel Unions
Fordside, TN 03586",Yes,20.0,4.0,1121.16,2.0,2.0,2.0,222.0,0
250,Antonio Wong,thomaslarson@example.net,40,(722)498-9807,"9715 Black Mission
South Jennifer, AZ 44692",Yes,49.0,6.0,3834.83,1.0,4.0,3.0,143.0,0
251,Roger Graham,pboyd@example.com,41,822-691-0200,"981 John Locks
Medinatown, DC 11012",No,3.0,4.0,1428.28,4.0,2.0,2.0,422.0,0
252,Alexandra Landry DVM,michael25@example.org,31,638-471-2861x93922,"9995 Brown Skyway Apt. 313
Walkerton, UT 16578",Yes,9.0,7.0,4245.93,3.0,4.0,3.0,343.0,0
253,Matthew Davenport,franklindiaz@example.net,38,(723)476-3010,"1020 Young Tunnel
West Michaelberg, AK 67362",No,31.0,4.0,4820.88,2.0,2.0,3.0,223.0,0
254,Latoya Palmer,kimberlydaugherty@example.org,46,2167228652,"039 Joseph Camp
Olsonbury, LA 03687",No,9.0,3.0,4162.55,3.0,1.0,3.0,313.0,2
255,Timothy Bolton,brett18@example.com,18,001-244-852-6849,"726 Reed Junction
South John, SC 29349",No,9.0,3.0,6550.080000000001,3.0,1.0,4.0,314.0,1
256,Mario Gutierrez,abigail38@example.net,34,001-914-468-4743x012,"USNS Garcia
FPO AE 41667",Yes,12.0,4.0,15862.31,3.0,2.0,4.0,324.0,1
257,Douglas Simon,freemanjennifer@example.net,38,259.325.0317x46655,"67868 Kelly Bridge Suite 410
West Apriltown, VI 76000",No,47.0,3.0,3325.52,1.0,1.0,3.0,113.0,2
258,Hannah Leon,abigailcunningham@example.net,21,706-984-1564x95813,"772 Anderson Rapids
Clarkborough, NC 25729",No,47.0,2.0,3193.0800000000004,1.0,1.0,3.0,113.0,2
259,Sierra Vance,roserichard@example.com,26,001-811-529-3694x6195,"149 Schwartz Underpass Suite 430
Port Sarahhaven, GU 87448",Yes,9.0,6.0,5132.88,3.0,4.0,3.0,343.0,0
260,Brandy Chung DDS,jerryclark@example.net,49,611-652-2926x986,"095 Castillo Mountains
West Robert, OH 84745",Yes,3.0,9.0,23233.27,4.0,4.0,4.0,444.0,3
261,Martin Gonzalez,christopher29@example.net,46,+1-336-997-0278,"55747 Charles Mews
Wilsonborough, LA 34686",No,14.0,4.0,1631.77,3.0,2.0,2.0,322.0,0
262,Edward Dean,samuelwest@example.net,40,314.637.1221x46693,"USCGC Diaz
FPO AP 56053",No,49.0,2.0,5427.24,1.0,1.0,3.0,113.0,2
263,Michelle Gibbs,blin@example.org,30,+1-961-996-2314,"PSC 8307, Box 9243
APO AA 31041",No,36.0,2.0,6209.76,2.0,1.0,3.0,213.0,2
264,Timothy Ferguson,james79@example.com,32,5764850760,"04688 Jonathan Skyway
Whitneyland, DE 50427",No,21.0,4.0,6433.960000000001,2.0,2.0,3.0,223.0,1
265,Katherine Wright,wsmith@example.net,22,617.789.2717,"825 Richard Loop Suite 040
Lake Michaelport, FM 05229",Yes,2.0,4.0,7766.9,4.0,2.0,4.0,424.0,1
266,Roy Carter,williamlove@example.com,39,350-415-2929,"19416 Yu Forge Apt. 313
Knighttown, WA 34213",No,10.0,5.0,4411.52,3.0,3.0,3.0,333.0,0
267,Sarah Shaw,owensbianca@example.org,21,246.513.7962x0964,"735 Moore Unions
Port Anne, AK 89425",No,23.0,5.0,14955.54,2.0,3.0,4.0,234.0,3
268,Erica Frazier,zware@example.com,24,+1-668-237-2207x8564,"99956 Marcia Manor Suite 964
Brookeport, VT 78149",Yes,6.0,2.0,13933.77,4.0,1.0,4.0,414.0,1
269,Haley Weaver,tyler64@example.net,24,972-695-2884x196,"7050 Robin Square Apt. 626
Christinefurt, WA 00620",Yes,33.0,3.0,577.26,2.0,1.0,1.0,211.0,2
270,Kristen Callahan,guzmanalison@example.net,25,(936)377-2052,"80141 Jacobs Canyon
South Tarahaven, NJ 81399",No,12.0,6.0,17226.23,3.0,4.0,4.0,344.0,3
271,Kyle Tucker,lynnashley@example.org,22,346.288.8040x5803,"4316 Gaines Neck
North Michael, CO 06947",Yes,25.0,3.0,5425.12,2.0,1.0,3.0,213.0,2
272,Paula Patton,jessica22@example.com,38,471.598.1651,"362 Ronnie Path Apt. 275
Scottville, PA 18296",Yes,28.0,4.0,6238.05,2.0,2.0,3.0,223.0,1
273,Rebecca Shields,sarah79@example.net,37,880.825.7473x44902,"77297 Zachary Lock Suite 901
Hopkinsland, VI 96949",No,33.0,5.0,1787.89,2.0,3.0,2.0,232.0,0
274,Michael Colon,angela76@example.org,26,4316171639,"52346 Joseph Fall
Lake Jonathanhaven, VI 20085",No,12.0,6.0,16660.25,3.0,4.0,4.0,344.0,3
275,Kimberly Higgins,jesseburnett@example.net,47,678-509-7926x98259,"Unit 7839 Box 6605
DPO AP 25479",No,12.0,4.0,8120.8,3.0,2.0,4.0,324.0,1
276,Christopher Tran,lmatthews@example.net,43,891.631.3002x940,"21077 Robbins Estate Apt. 099
Stephaniehaven, NM 34397",Yes,7.0,7.0,20910.59,3.0,4.0,4.0,344.0,3
277,Danielle Gray,xshort@example.net,50,(622)666-8715,"1534 Stacey Ridge
West Betty, RI 43077",Yes,9.0,3.0,8004.18,3.0,1.0,4.0,314.0,1
278,Theodore Bell,sherifisher@example.org,34,001-941-742-1565x902,"352 Mark Course Suite 526
Port Travisborough, IA 62726",Yes,8.0,4.0,6360.01,3.0,2.0,3.0,323.0,1
279,Mrs. Sabrina Anderson,imitchell@example.net,43,+1-510-613-6417x45961,"1582 Hernandez Island Suite 739
South Casey, MN 02715",Yes,28.0,2.0,4464.33,2.0,1.0,3.0,213.0,2
280,Connie Cook,leekelli@example.org,31,442.448.0635x753,"26344 Adam Village Suite 790
New Royland, MS 66110",Yes,77.0,2.0,599.2,1.0,1.0,1.0,111.0,2
281,Jason Johnson,yponce@example.net,40,(335)788-7851x52284,"821 Thomas Manor Apt. 253
West Francisco, CT 69525",No,5.0,7.0,15400.94,4.0,4.0,4.0,444.0,3
282,Samantha Garcia,kempedward@example.net,32,621.855.7786,"03419 Miranda Crossing
North Kristinshire, IA 46160",Yes,3.0,8.0,19900.7,4.0,4.0,4.0,444.0,3
283,Sherri Roman,michaeldiana@example.com,18,001-874-413-5046x7566,"12556 Kimberly Fords
Timothytown, MN 76343",Yes,29.0,5.0,1736.12,2.0,3.0,2.0,232.0,0
284,Bridget Martin,jenniferwells@example.org,26,+1-746-646-0037x97299,"Unit 7760 Box 3614
DPO AA 03705",Yes,57.0,5.0,3718.06,1.0,3.0,3.0,133.0,0
285,Austin Barajas,mayseric@example.org,23,001-656-888-7348x3507,"58490 Peggy Prairie
New Michael, GU 22295",No,10.0,2.0,7010.46,3.0,1.0,4.0,314.0,2
286,Perry Silva,virginia23@example.net,33,924-212-5746,"05664 Moore Lights
Port Kaylahaven, ME 63495",Yes,24.0,5.0,12843.63,2.0,3.0,4.0,234.0,1
287,Martin Cross,smcdonald@example.net,33,8307126811,"44799 Wallace Shores Suite 291
Carlosfurt, NC 84575",Yes,16.0,2.0,5426.91,2.0,1.0,3.0,213.0,2
288,Aaron Perez,ubrock@example.org,39,001-605-219-5762,"5017 Bradford Glen Apt. 102
Michaelfurt, KY 25447",Yes,30.0,5.0,11949.05,2.0,3.0,4.0,234.0,1
289,Jennifer Reeves,ibaird@example.net,30,001-927-551-1709,"560 Danielle Stream Suite 116
Lake Johnnychester, MO 03261",Yes,22.0,1.0,52.02,2.0,1.0,1.0,211.0,2
290,James Watson,allison43@example.com,50,+1-667-381-0220x8176,"USS Perez
FPO AP 82010",Yes,27.0,7.0,3702.35,2.0,4.0,3.0,243.0,0
291,Kimberly Higgins,eharrell@example.com,34,+1-544-626-4353x373,"660 Bishop Causeway Apt. 963
Scottfort, MI 26849",No,48.0,2.0,4061.8,1.0,1.0,3.0,113.0,2
292,Karen Jones,landerson@example.com,31,524.781.7317x133,"52816 Garcia Overpass
Martinezfurt, TN 86318",Yes,10.0,6.0,14046.01,3.0,4.0,4.0,344.0,3
293,Cassandra Aguirre,kelly30@example.com,26,544.530.2068,"30952 Bryant Park Apt. 921
Hunterchester, AS 44955",Yes,6.0,2.0,336.29,4.0,1.0,1.0,411.0,2
294,Kenneth Nguyen,dwilliams@example.net,36,(616)649-6364,"907 Silva Shore
North Ianhaven, VA 01508",Yes,12.0,6.0,14221.4,3.0,4.0,4.0,344.0,3
295,Lori Chambers,tvasquez@example.net,29,679.621.1444,"41099 Logan Burg
South Joshuabury, FM 97993",No,30.0,2.0,916.44,2.0,1.0,1.0,211.0,2
296,Alexandra Reilly,carlasnow@example.org,31,366.819.0612,"USNS Gibson
FPO AA 28297",No,26.0,4.0,1561.76,2.0,2.0,2.0,222.0,0
297,Michael Cordova,sarahvelazquez@example.net,28,332-874-7286,"6640 Farrell Road Apt. 122
North Leslieside, MT 06117",Yes,10.0,6.0,13206.09,3.0,4.0,4.0,344.0,3
298,Chad Sims,johntate@example.net,45,001-969-278-9242x787,"9568 Rodriguez Walks
Mirandaburgh, SD 74410",Yes,8.0,5.0,8636.98,3.0,3.0,4.0,334.0,1
299,Rebecca Walsh,dawn90@example.com,41,+1-994-600-1810x62390,"8384 Delgado Ports
Santiagohaven, AZ 49615",Yes,3.0,8.0,6602.51,4.0,4.0,4.0,444.0,3
300,Anthony Pierce,tanyacarter@example.com,33,(392)388-8894,"USCGC Hogan
FPO AP 13955",Yes,44.0,5.0,1389.41,1.0,3.0,2.0,132.0,0
301,Kristopher Hubbard,campbelllaura@example.com,34,731.607.2423x6736,"618 Katherine Dam Suite 814
East Andrewland, GA 35120",Yes,39.0,5.0,8868.51,2.0,3.0,4.0,234.0,1
302,John Delgado,stacie00@example.com,30,422.893.0174,"9663 Flores Rest Suite 137
New Rebeccafurt, PA 31160",Yes,6.0,5.0,2159.17,4.0,3.0,2.0,432.0,0
303,William Daniels,georgewise@example.net,35,971-825-5508x7270,"Unit 1601 Box 3489
DPO AA 12557",Yes,1.0,4.0,3002.2699999999995,4.0,2.0,2.0,422.0,0
304,Louis Duran,jennifer66@example.net,43,851.998.6751x500,"490 Chung Burgs
Lake Scott, WY 63570",Yes,19.0,6.0,10509.169999999998,2.0,4.0,4.0,244.0,3
305,Ann Diaz MD,vwatson@example.org,39,(961)359-9001x39073,"121 Gonzalez Tunnel Apt. 991
New Danielhaven, DE 98278",Yes,55.0,3.0,970.45,1.0,1.0,1.0,111.0,2
306,Matthew Kerr,ekelley@example.net,24,496.858.6952,"0334 Stone Views Suite 655
South Michaelport, OK 39256",Yes,37.0,4.0,1003.38,2.0,2.0,2.0,222.0,0
307,Francisco Walton,geoffreysimpson@example.net,34,(227)227-3280,"844 Joseph Forge Apt. 694
Port Jeremy, OR 11212",Yes,5.0,4.0,5721.759999999999,4.0,2.0,3.0,423.0,0
308,Richard Mckinney,harpersteven@example.org,33,221.335.5047,"410 Wyatt Islands
Jasonside, AS 26567",No,33.0,2.0,3135.4800000000005,2.0,1.0,3.0,213.0,2
309,Tami Nelson,bradylaura@example.com,23,350.759.0249x4089,"USCGC Maynard
FPO AP 89670",Yes,22.0,3.0,10208.05,2.0,1.0,4.0,214.0,1
310,Erika Lowe,marycruz@example.net,25,001-443-214-9659x9360,"32851 Sara Groves Apt. 198
Taylorfort, AS 94902",Yes,10.0,2.0,8810.49,3.0,1.0,4.0,314.0,1
311,Caitlin Martinez,vgardner@example.net,24,(609)774-7701,"9816 Watson Pass
North Davidberg, AK 99233",No,35.0,7.0,14053.48,2.0,4.0,4.0,244.0,3
312,Jonathan Carpenter,xmcconnell@example.com,47,(909)257-2495x8931,"205 Kelly Meadow
Samanthabury, MI 21975",No,5.0,3.0,13099.37,4.0,1.0,4.0,414.0,1
313,Patricia Watts,anthonypage@example.net,29,778-638-9760x3955,"533 Kathryn Mall Apt. 305
Danielmouth, PA 55128",Yes,37.0,4.0,3809.66,2.0,2.0,3.0,223.0,0
314,Kevin Sullivan,kimberlymclaughlin@example.net,47,+1-596-366-7996x42162,"35601 Courtney Centers Apt. 345
Smithmouth, CT 15643",No,24.0,3.0,3755.16,2.0,1.0,3.0,213.0,2
315,Antonio Owens,zkirby@example.org,37,315-968-0546x9312,"4658 Luis Landing Apt. 545
Morsefort, FL 92213",No,2.0,5.0,1577.69,4.0,3.0,2.0,432.0,0
316,Paul Burnett,harrisfrederick@example.com,66,+1-347-783-3560x400,"26260 Willis Pines
Lake Ronnie, AZ 29860",Yes,6.0,8.0,6484.209999999999,4.0,4.0,3.0,443.0,3
317,Robin James,ghenry@example.com,31,001-465-837-7583x212,"8803 Joy Junction
East Glenn, MT 33082",No,18.0,5.0,8991.210000000001,2.0,3.0,4.0,234.0,1
318,Lisa Joseph,katrinalucero@example.org,27,001-803-760-7795x05013,"9973 Hopkins Neck
Jimmyview, NV 56906",No,4.0,7.0,14547.46,4.0,4.0,4.0,444.0,3
319,Gary Shaw,katherinenichols@example.org,28,604-295-6520x1678,"3486 Green Rapids Suite 096
East Ryan, FM 80205",No,4.0,4.0,11557.35,4.0,2.0,4.0,424.0,1
320,Kevin Mendoza,kanderson@example.com,27,(944)514-6883,"8620 Karen Spring Suite 245
Michaelborough, MS 74795",No,20.0,2.0,1281.73,2.0,1.0,2.0,212.0,2
321,Elizabeth Rich,arellanonicole@example.net,60,773.750.4543x675,"706 Mcclain Place
Greenmouth, CA 90105",No,14.0,4.0,9339.88,3.0,2.0,4.0,324.0,1
322,Tiffany Padilla,stephanie47@example.org,45,256.788.2686,"9710 Carl Bypass
East Jeffreyfurt, SC 30773",Yes,3.0,6.0,1998.12,4.0,4.0,2.0,442.0,0
323,Jonathan Lewis,denise83@example.net,32,7813508301,"20842 Johnson Mews Apt. 381
Lake Keith, VT 51321",No,9.0,7.0,3454.23,3.0,4.0,3.0,343.0,0
324,Charles Silva,adamanderson@example.net,48,001-865-918-9484x29246,"213 Brooke Fall Apt. 652
Earlfurt, VI 04156",Yes,2.0,9.0,7740.18,4.0,4.0,4.0,444.0,3
325,Jerry Chan,nicholasestrada@example.org,53,3195879804,"567 Warren Keys Suite 132
Sharpville, FM 09214",No,27.0,5.0,1039.69,2.0,3.0,2.0,232.0,0
326,Evelyn King,shannonking@example.com,18,560-877-5614x5969,"5808 Wendy Views Suite 877
Keithmouth, TN 25084",Yes,15.0,5.0,9176.63,3.0,3.0,4.0,334.0,1
327,Troy Cole,christopherporter@example.com,30,001-553-558-1334,"2647 Elizabeth Drive Apt. 586
West Erikaton, NY 06436",Yes,24.0,2.0,2965.97,2.0,1.0,2.0,212.0,2
328,Clinton Riley,hgonzalez@example.net,42,744.250.8905x44306,"9863 John Squares Apt. 645
Joshuafort, PA 39528",No,21.0,5.0,1150.93,2.0,3.0,2.0,232.0,0
329,Mrs. Melissa Johnson DDS,fowlerjames@example.net,26,(433)791-3200x45055,"55600 Brooks Dam
Boydfort, PA 79816",Yes,19.0,3.0,5361.27,2.0,1.0,3.0,213.0,2
330,Joel Montgomery,jacob27@example.com,37,+1-775-565-0229,"683 Burns Drive
Sheilaside, AK 06838",Yes,44.0,3.0,810.76,1.0,1.0,1.0,111.0,2
331,Andrew Jensen,tami86@example.net,40,501.979.2439x3263,"6299 Christina Gardens Suite 044
North Nancy, MI 14732",Yes,46.0,1.0,426.48,1.0,1.0,1.0,111.0,2
332,Ms. Barbara Davis,rebeccawyatt@example.com,29,001-762-371-8558,"660 Chaney Pike Apt. 993
Williamsshire, NH 62210",Yes,7.0,5.0,7070.110000000001,3.0,3.0,4.0,334.0,1
333,Dominic Armstrong,brodgers@example.com,34,9202510070,"410 Robert Grove Apt. 255
Paulborough, ME 88238",No,6.0,4.0,1365.75,4.0,2.0,2.0,422.0,0
334,John Chandler,tlam@example.org,28,408.559.4182x9575,"973 Schultz Mews Apt. 550
East Jessicaside, SD 73283",Yes,97.0,3.0,5006.38,1.0,1.0,3.0,113.0,2
335,Kyle Mejia,littlerenee@example.com,26,(208)245-9484x389,"86968 Davis Landing
Port Cynthia, FL 39816",No,100.0,1.0,4024.24,1.0,1.0,3.0,113.0,2
336,Kristy Carlson,amandapena@example.com,45,(482)736-2105x62921,"400 Katelyn Terrace Apt. 893
Christinaton, TX 29399",No,1.0,6.0,12686.46,4.0,4.0,4.0,444.0,3
337,Jason Jensen,rhenry@example.net,41,635-920-8018x3458,"619 Lopez Corner Apt. 615
Lake Kim, VT 29334",Yes,18.0,4.0,1053.2,2.0,2.0,2.0,222.0,0
338,Ian Harris,otaylor@example.org,29,001-859-939-1944x553,"7258 Powell Groves Suite 307
Paulchester, PR 95494",Yes,38.0,8.0,4757.8,2.0,4.0,3.0,243.0,0
339,John Allen,ljenkins@example.net,34,001-726-953-2437x26150,"691 Wilkins Rue
Perryborough, MH 14573",No,55.0,2.0,371.28,1.0,1.0,1.0,111.0,2
340,Jason Bennett,wongkyle@example.org,46,(766)622-7448,"275 George Club
New Charleschester, CO 80256",No,19.0,10.0,12075.97,2.0,4.0,4.0,244.0,3
341,Jonathan Alvarez,obriensusan@example.org,23,419-895-3811x8159,"412 Fernandez Mountain Apt. 846
Zacharytown, AR 41387",No,24.0,2.0,781.36,2.0,1.0,1.0,211.0,2
342,Charlotte Gay,douglas36@example.net,25,572-636-5332,"33014 Danielle Spurs
East Craig, AR 38040",Yes,189.0,3.0,652.71,1.0,1.0,1.0,111.0,4
343,Hannah Anderson,christopherarnold@example.net,25,497.221.9093x452,"917 Hoover Mount
North Rachel, TN 21368",No,88.0,3.0,1232.39,1.0,1.0,2.0,112.0,2
344,Mr. Jeremy Becker,william71@example.org,29,869-801-9288x4701,"7354 Karla Rue
Kelliberg, WA 40940",Yes,271.0,3.0,729.1800000000001,1.0,1.0,1.0,111.0,4
345,Aimee Brown,lisa55@example.org,35,001-547-687-3772,"223 Shelton Estates Apt. 161
North Tammyhaven, PR 93635",Yes,41.0,3.0,881.67,2.0,1.0,1.0,211.0,2
346,Samantha Edwards,patrick80@example.net,28,654-520-7406x123,"656 Kimberly Loop Apt. 204
West Michaelbury, SC 51675",Yes,12.0,5.0,1606.33,3.0,3.0,2.0,332.0,0
347,Jonathan Williams,ashleythomas@example.org,30,(577)887-9015,"524 Vang Corner Apt. 682
Bakerstad, ME 55721",Yes,14.0,2.0,5399.37,3.0,1.0,3.0,313.0,2
348,Gabriel Murphy,edwardscassie@example.com,53,+1-558-728-8147x985,"6175 Jacob Harbor
Hickstown, IN 19235",Yes,10.0,4.0,4132.8,3.0,2.0,3.0,323.0,0
349,Angelica Ward,rebeccaanderson@example.com,25,383.272.3278x2462,"USNS Hudson
FPO AP 23764",No,6.0,8.0,13966.75,4.0,4.0,4.0,444.0,3
350,Steven Stuart,aliciakennedy@example.net,26,001-906-829-8419x43603,"775 Camacho Port
Harrismouth, AS 01699",No,12.0,6.0,5633.81,3.0,4.0,3.0,343.0,0
351,Mrs. Lisa Hardin MD,kristen43@example.net,26,812-779-7824x5619,"430 Kristen Spur Suite 715
Lake John, MP 34326",No,95.0,2.0,787.8900000000001,1.0,1.0,1.0,111.0,2
352,Kelly Williams,houstonian@example.net,28,001-823-754-7260x591,"650 David Springs Apt. 864
Paulville, VA 47831",No,23.0,3.0,2679.38,2.0,1.0,2.0,212.0,2
353,James Smith,brucelaurie@example.com,50,277-838-7724x055,"Unit 0709 Box 6336
DPO AA 07033",Yes,100.0,3.0,7989.450000000001,1.0,1.0,4.0,114.0,1
354,Nicole Griffin,tiffanybaker@example.net,26,767-213-3584x76427,"4743 Morgan Pike
Port Daniel, NY 31719",Yes,29.0,2.0,5285.4,2.0,1.0,3.0,213.0,2
355,Alan West,taylorbaker@example.net,27,001-821-775-8382,"024 Sylvia Inlet
North Jamesland, ID 48476",No,162.0,1.0,8098.9,1.0,1.0,4.0,114.0,4
356,Michael Welch,patrickrice@example.com,36,585.761.7221x32088,"93369 Pruitt Plain
West Kevinshire, AL 07149",No,15.0,3.0,9175.759999999998,3.0,1.0,4.0,314.0,1
357,Dan Flores,sierrawright@example.org,37,(410)239-0899x891,"097 Lee Meadow
Toddland, MA 84753",Yes,40.0,4.0,10375.94,2.0,2.0,4.0,224.0,1
358,Timothy Finley,sara81@example.org,30,217.870.9826,"0415 Dylan Rapids
Chavezmouth, SD 32893",No,4.0,6.0,6471.42,4.0,4.0,3.0,443.0,0
359,Heather Brown,ugreen@example.net,45,001-932-342-5955x6706,"138 Jessica Prairie
Kennedymouth, TN 33118",Yes,113.0,4.0,836.4200000000001,1.0,2.0,1.0,121.0,2
360,Emma Holloway,faulknerthomas@example.org,37,(574)759-4079,"349 Davidson Ridges
Lake Tracy, AZ 08749",No,26.0,8.0,10256.36,2.0,4.0,4.0,244.0,3
361,Alyssa Hale,lorifitzgerald@example.com,36,+1-831-497-5880x40118,"PSC 5200, Box 3440
APO AA 43123",Yes,57.0,4.0,7718.42,1.0,2.0,4.0,124.0,1
362,Joyce Mccarty,karen12@example.com,22,001-548-840-2168x6225,"75400 Garner Shores
New John, NC 02467",No,231.0,4.0,1221.56,1.0,2.0,2.0,122.0,4
363,Ray Schwartz,ronniejohnson@example.com,46,001-529-312-6621x78193,"1189 Nguyen Ports Apt. 739
Port Zachary, IL 84978",Yes,162.0,4.0,2417.27,1.0,2.0,2.0,122.0,4
364,Mary Smith,pwallace@example.com,25,220-936-3205,"074 Smith Mills Apt. 701
West John, SC 26223",No,83.0,4.0,1515.63,1.0,2.0,2.0,122.0,2
365,Jay Harrison,masonnicholas@example.net,33,+1-709-751-3367,"274 Green River Suite 352
Hernandezshire, DE 46057",Yes,103.0,3.0,685.53,1.0,1.0,1.0,111.0,2
366,Gwendolyn Estrada,nicole68@example.org,59,3748656464,"310 Erin Square
Angelaburgh, LA 20796",Yes,137.0,2.0,2825.32,1.0,1.0,2.0,112.0,4
367,Robin Mitchell,chelseacooper@example.com,39,398-600-3606x064,"728 Shawn Falls
Benjaminfort, RI 06039",No,63.0,8.0,33802.36,1.0,4.0,4.0,144.0,3
368,Travis Rivera,ysuarez@example.org,25,5118030578,"28680 Douglas Turnpike Apt. 024
New Anthonyville, MH 36188",No,6.0,5.0,14484.41,4.0,3.0,4.0,434.0,3
369,Douglas Stone,jobrien@example.net,38,7765728321,"315 Dawn Stream Apt. 031
Louismouth, NE 40339",No,42.0,7.0,23216.7,2.0,4.0,4.0,244.0,3
370,Daniel Reed,hansendarren@example.net,46,886-633-5778,"822 Tammy Parks
Nguyenstad, NE 99455",Yes,238.0,3.0,10181.03,1.0,1.0,4.0,114.0,4
371,Matthew Gates,mary07@example.com,35,(890)785-7643x455,"17891 Kristy Heights Suite 706
Matthewville, OR 68811",Yes,3.0,5.0,7606.340000000001,4.0,3.0,4.0,434.0,1
372,Madeline Holmes,mhall@example.net,46,001-540-467-7503x90925,"676 Miller Land
Santostown, PA 09581",Yes,48.0,4.0,1323.3,1.0,2.0,2.0,122.0,0
373,Jason Yang,sherryoneill@example.org,40,201.324.6511,"2370 Parsons Cove Suite 999
Matthewmouth, RI 34149",No,87.0,3.0,11609.13,1.0,1.0,4.0,114.0,1
374,Nicole Fernandez,milleroscar@example.com,18,+1-538-452-2764x5698,"3476 Price Parks Apt. 335
West Ashleytown, CA 66633",No,18.0,3.0,8059.91,2.0,1.0,4.0,214.0,1
375,Mary Hall,shannon84@example.com,41,840.837.0456x781,"9008 Breanna Causeway
Port Sandra, NH 55838",Yes,245.0,2.0,784.6300000000001,1.0,1.0,1.0,111.0,4
376,James Oneal,tyler85@example.org,43,001-742-284-5290,"1039 Grant Shores
Delgadobury, PA 21843",No,67.0,7.0,10671.41,1.0,4.0,4.0,144.0,3
377,Patricia Walsh,wallacemarcus@example.org,37,(306)882-7544x29388,"24281 Molly Courts Suite 531
Heathermouth, KS 47144",No,139.0,4.0,1491.15,1.0,2.0,2.0,122.0,4
378,Daniel Ball,david07@example.org,26,+1-673-978-2412x5756,"4900 Knight Union
Sotomouth, GA 36687",Yes,56.0,2.0,952.5,1.0,1.0,1.0,111.0,2
379,Alec Dixon,michealharris@example.com,51,001-509-517-7734x2304,"0282 Crystal Shore
Port Stephaniefurt, GA 16560",Yes,256.0,1.0,8280.1,1.0,1.0,4.0,114.0,4
380,Tara Jackson,sfowler@example.org,46,(671)301-5189x6245,"764 Foster Mountains Apt. 130
West Shannonchester, ID 16381",Yes,40.0,4.0,12900.72,2.0,2.0,4.0,224.0,1
381,Austin Lewis,bradshawcharles@example.org,35,+1-857-476-5912x36392,"457 Suzanne Green Suite 685
Waltonchester, OH 87983",Yes,135.0,1.0,2561.58,1.0,1.0,2.0,112.0,4
382,Troy Miles,robertsonkirk@example.org,32,001-223-960-5399x90070,"15897 Patricia Gateway Apt. 075
Collinsview, GA 35660",No,160.0,3.0,3618.06,1.0,1.0,3.0,113.0,4
383,Sabrina Waller,pchandler@example.org,33,741-955-9039x695,"6356 David Pine
Lake Gwendolynberg, IN 43857",No,20.0,1.0,421.7000000000001,2.0,1.0,1.0,211.0,2
384,David Dunn,jenny55@example.net,41,(710)261-1609,"42869 Anthony Prairie
Rubenfurt, NM 45330",No,134.0,4.0,7944.08,1.0,2.0,4.0,124.0,4
385,Miguel Hale,steven80@example.net,46,283-689-0166x577,"260 Roy Corners
Lake Andrea, CO 69500",Yes,105.0,7.0,1996.29,1.0,4.0,2.0,142.0,0
386,Paul Sampson,ogarcia@example.com,60,001-413-857-6571,"35338 Thomas Summit
Port Jessica, WY 88304",Yes,61.0,5.0,1599.02,1.0,3.0,2.0,132.0,0
387,Jennifer Owens,morrisrichard@example.org,32,001-324-346-2218x02221,"2985 Henderson Freeway Suite 721
Joshuaside, MS 56947",Yes,37.0,3.0,12307.09,2.0,1.0,4.0,214.0,1
388,Franklin Kaufman,lalexander@example.com,34,+1-689-976-6915x76654,"328 Levi Islands
Griffinborough, IN 50037",Yes,70.0,2.0,500.88,1.0,1.0,1.0,111.0,2
389,Robert Mitchell,cmaxwell@example.org,24,+1-363-428-6171x47776,"20869 Vanessa Mall
Jenniferborough, AK 70747",No,38.0,7.0,15058.12,2.0,4.0,4.0,244.0,3
390,Paul Dean,ogeorge@example.org,41,4204705388,"9035 Matthew Ways
West Brandon, NH 06370",Yes,60.0,3.0,755.0899999999999,1.0,1.0,1.0,111.0,2
391,Ms. Alyssa Adams,michael53@example.com,18,217-412-2282x7035,"17870 Cruz Meadows Suite 394
Emilyshire, CA 02209",Yes,184.0,4.0,16995.18,1.0,2.0,4.0,124.0,4
392,Terry Miller,robertskaren@example.org,37,403.457.0197x40656,"65139 Price Fork
Chaneyport, PA 53064",No,31.0,2.0,577.1700000000001,2.0,1.0,1.0,211.0,2
393,Daniel Kelley,amy11@example.net,44,743-340-0702x97762,"55383 Eduardo Pass
Christopherbury, SD 39608",Yes,16.0,2.0,5770.4400000000005,2.0,1.0,3.0,213.0,2
394,Nicholas Watson,zmclean@example.org,23,254.672.6875x621,"3723 Melissa Turnpike
New Kathryn, TN 25738",Yes,32.0,4.0,1484.77,2.0,2.0,2.0,222.0,0
395,Gregory Johnson,james82@example.org,33,984-342-9106,"35964 Carroll Trafficway
Anthonyside, AK 77465",No,81.0,2.0,5181.34,1.0,1.0,3.0,113.0,2
396,Kathleen Lynn,fryebrenda@example.com,38,732.726.1409x2827,"7028 Christopher Hill
North James, ND 46869",No,67.0,3.0,1704.9900000000002,1.0,1.0,2.0,112.0,2
397,Kelly Zuniga,gonzaleskatie@example.org,32,(702)718-2653x277,"226 Anthony Cove Suite 244
Jessicatown, DE 87654",No,54.0,3.0,8239.92,1.0,1.0,4.0,114.0,1
398,Sabrina Kirby,angela97@example.com,44,452-493-7606,"0387 Morales Drives
Gaybury, PA 21035",Yes,268.0,1.0,67.2,1.0,1.0,1.0,111.0,4
399,Renee Brown,njohnson@example.com,42,573.482.4706,"0571 Hill Glen
Lake Lisa, TN 67990",Yes,119.0,2.0,303.3,1.0,1.0,1.0,111.0,2
400,David Parsons,greenedavid@example.org,43,+1-656-804-5988x995,"60351 Park Well
North Margaret, MT 23152",Yes,67.0,7.0,22362.98,1.0,4.0,4.0,144.0,3
401,Nicholas Mccormick,yking@example.org,35,744-759-5911,"37131 Smith Street Suite 143
Hintonburgh, AK 42377",Yes,65.0,4.0,9026.96,1.0,2.0,4.0,124.0,1
402,Laura Johnson,cruzmichael@example.com,46,543-947-6623,"990 Wells Run Suite 444
New Angelahaven, NC 89908",Yes,99.0,3.0,5846.840000000001,1.0,1.0,3.0,113.0,1
403,Kristin Black,candrews@example.net,48,001-547-962-8648x655,"8775 Terrence Fall Suite 393
Jimmyport, IA 49386",No,99.0,6.0,2509.67,1.0,4.0,2.0,142.0,0
404,Henry Washington,esmith@example.net,50,(405)502-8801x78156,"18935 Smith Haven
Port Nancy, MN 36896",Yes,175.0,4.0,2509.8,1.0,2.0,2.0,122.0,4
405,Jacqueline Beck,bwright@example.net,44,(288)345-2698x8873,"36007 Barker Ville Apt. 685
Leslietown, AS 27115",No,40.0,6.0,7570.9,2.0,4.0,4.0,244.0,1
406,Felicia Erickson,vickiehill@example.net,39,(254)674-9095x9415,"437 Ali Keys Apt. 730
Jonathanshire, TN 32137",No,60.0,2.0,8723.59,1.0,1.0,4.0,114.0,1
407,Michele Fischer MD,fowlercorey@example.net,21,556-334-5867,"5473 Rebecca Coves Apt. 199
Baileybury, OR 02095",Yes,32.0,3.0,7361.09,2.0,1.0,4.0,214.0,1
408,Mr. David Roberson,smithlaura@example.net,46,2803073557,"2179 Cody Ridges Apt. 216
New Michaelland, VI 14259",No,265.0,2.0,6516.129999999999,1.0,1.0,3.0,113.0,4
409,Garrett Rose,amanda47@example.com,24,883.844.6870x3352,"Unit 0283 Box 9387
DPO AP 70823",Yes,204.0,4.0,8379.12,1.0,2.0,4.0,124.0,4
410,Rebecca Reid,marynelson@example.org,33,001-684-822-4788x6539,"955 Krause Wells
Lake Scott, DC 79680",No,42.0,8.0,8218.16,2.0,4.0,4.0,244.0,3
411,Brianna Kent,angelapitts@example.com,36,983.341.7695,"027 Hicks Fort
North Robin, IN 41416",Yes,93.0,3.0,1333.94,1.0,1.0,2.0,112.0,2
412,Chad Gutierrez,ricenicole@example.net,18,(432)373-5865,"PSC 8139, Box 0556
APO AA 95127",No,61.0,3.0,825.88,1.0,1.0,1.0,111.0,2
413,Roberto Russell,dhernandez@example.net,21,001-863-393-4120x31321,"2179 Thomas Throughway
Michaelview, ME 63232",Yes,45.0,7.0,13533.12,1.0,4.0,4.0,144.0,3
414,Kendra Robinson,umontes@example.com,18,+1-683-403-5754x96048,"381 Butler Pines Apt. 265
Jennifermouth, MD 94033",No,76.0,4.0,8767.9,1.0,2.0,4.0,124.0,1
415,Jesus Jackson,ariana33@example.org,38,+1-239-803-1866,"914 Murray Knoll
West Rachael, VI 68681",No,36.0,5.0,17396.0,2.0,3.0,4.0,234.0,3
416,Rebecca Coleman,bendersusan@example.com,27,(404)408-4151,"112 Cross Oval Apt. 140
New Danielport, IA 00899",Yes,272.0,3.0,11365.39,1.0,1.0,4.0,114.0,4
417,Paul Steele,karenweber@example.com,38,(429)770-1104x897,"26832 Bush Plain Suite 474
New Laurieview, FM 02899",Yes,67.0,1.0,263.55,1.0,1.0,1.0,111.0,2
418,Megan Hopkins,jonathan83@example.org,33,565.600.4120x4432,"433 Roberts Vista Apt. 216
Victoriaberg, NC 71303",No,130.0,5.0,1555.4899999999998,1.0,3.0,2.0,132.0,4
419,Timothy Anderson,lshelton@example.com,34,494.304.3265,"732 Kevin Heights Suite 261
Lake Billyberg, TX 32395",Yes,250.0,5.0,7570.63,1.0,3.0,4.0,134.0,4
420,Karen Floyd,hernandeztaylor@example.com,39,+1-764-258-4048x0756,"659 Lawrence Trafficway
West Christianfurt, VI 44869",Yes,66.0,2.0,352.14,1.0,1.0,1.0,111.0,2
421,Benjamin Brown,gchristian@example.com,37,477.412.3830x8171,"93506 Lee Points
North Diana, WV 30573",Yes,55.0,4.0,1530.19,1.0,2.0,2.0,122.0,0
422,Tiffany Taylor,bradleyjeffrey@example.net,31,(525)673-7598x4555,"Unit 4230 Box 4116
DPO AE 50181",Yes,21.0,4.0,5121.59,2.0,2.0,3.0,223.0,0
423,Brandy Smith,aromero@example.net,29,383-916-8909,"6189 Trevino Mountain
Port Jacquelinemouth, WI 20486",No,65.0,5.0,13450.16,1.0,3.0,4.0,134.0,1
424,Christopher Nguyen,jessica35@example.org,30,4817903492,"8514 Obrien Hollow Apt. 921
Greenfort, IN 78116",No,328.0,1.0,133.74,1.0,1.0,1.0,111.0,4
425,Cheyenne Williams,andreahill@example.com,30,001-469-344-4532,"57353 Francis Island Suite 273
Andrewborough, GU 45380",No,25.0,4.0,800.01,2.0,2.0,1.0,221.0,0
426,Eric Monroe,kathryn17@example.net,39,(813)230-2611x5708,"PSC 6367, Box 1367
APO AA 33955",Yes,110.0,6.0,12376.31,1.0,4.0,4.0,144.0,3
427,Susan Mendoza,suzannecameron@example.org,31,804-791-2942x70315,"45889 Davis Brook
Rogersside, WY 46598",No,40.0,5.0,6809.42,2.0,3.0,4.0,234.0,1
428,Kristy Powers,taylorann@example.org,31,974-337-9816x91594,"39281 Anderson Courts
Faithville, WA 32628",No,57.0,3.0,2621.84,1.0,1.0,2.0,112.0,2
429,Brenda Taylor,nwells@example.org,35,(926)437-1979x6692,"79524 David Springs Apt. 033
South Bryce, WA 32326",No,115.0,5.0,11232.08,1.0,3.0,4.0,134.0,1
430,William Watts,wilsonhenry@example.com,27,(377)924-0474,"6927 Ramos Road Apt. 880
Crawfordshire, NJ 71680",No,35.0,3.0,2395.53,2.0,1.0,2.0,212.0,2
431,Robert Thompson,martin05@example.com,27,001-550-599-8030,"9634 Ward Tunnel
Jenniferstad, IA 78042",No,45.0,4.0,11450.85,1.0,2.0,4.0,124.0,1
432,Hayden Moon,santiagokelsey@example.com,24,+1-451-270-1403x59498,"571 Chase Lane
Jamesbury, IA 92683",No,139.0,2.0,1165.6999999999998,1.0,1.0,2.0,112.0,4
433,Anita Rodriguez,fletchermichael@example.org,45,9944097431,"7329 Destiny Court
Lake Crystal, IA 75658",Yes,180.0,3.0,7499.38,1.0,1.0,4.0,114.0,4
434,Jonathan Wright,paulpowell@example.com,30,(456)732-1248x52920,"225 Vazquez Ports
Butlermouth, MA 14556",No,117.0,5.0,4717.76,1.0,3.0,3.0,133.0,1
435,Levi King,kimberlythomas@example.com,20,264.960.7575x1274,"Unit 9322 Box 3331
DPO AA 52126",No,,,,,,,,0
436,Rachel Harrell,campbellmaria@example.com,44,215-421-1952,"2629 Carroll Viaduct
Jennifermouth, OH 80528",No,145.0,3.0,4772.26,1.0,1.0,3.0,113.0,4
437,Stephanie Gonzalez,jnichols@example.com,30,+1-727-933-6644x47152,"135 Stone Glens Suite 543
East Stephenton, VT 98656",Yes,96.0,4.0,9175.65,1.0,2.0,4.0,124.0,1
438,Jeffrey Vasquez,rebeccamoore@example.com,46,+1-950-785-4347x489,"56601 Crosby Harbors Suite 161
Lake Barbaraberg, UT 21541",No,5.0,10.0,12009.5,4.0,4.0,4.0,444.0,3
439,David Cobb,cartertiffany@example.org,28,381-325-9346x68972,"18231 Moore Stravenue
Port Laurashire, SC 06721",No,250.0,5.0,16101.5,1.0,3.0,4.0,134.0,4
440,Lori Nelson,andrewwarner@example.org,36,001-937-938-5279x14169,"4348 Jeffrey Extension Apt. 829
East April, IL 50001",No,21.0,6.0,13822.65,2.0,4.0,4.0,244.0,3
441,Jackie Jensen,abigail09@example.net,50,(689)888-4408x88477,"7134 Dustin Meadows
Jacquelinechester, IL 69890",No,37.0,11.0,11617.61,2.0,4.0,4.0,244.0,3
442,Jeffrey Collins,mlowe@example.net,46,744.740.8781,"2237 Kane Shores Suite 811
West Joshua, MT 46009",No,51.0,3.0,976.42,1.0,1.0,1.0,111.0,2
443,Timothy Mcmahon,lmoon@example.org,38,7556703657,"914 Shelby Vista
North Amyview, FL 19624",Yes,12.0,5.0,1771.88,3.0,3.0,2.0,332.0,0
444,Christina Rodriguez,hesterjason@example.org,40,(673)537-2589x998,"39848 Mills Way
West Nicoleside, VT 89926",No,,,,,,,,0
445,Elizabeth Collins,cory33@example.com,28,001-327-697-8826,"8862 Gregory Bridge Apt. 773
Johnfurt, WI 03428",Yes,6.0,7.0,973.37,4.0,4.0,1.0,441.0,0
446,Renee Rogers,ystanley@example.org,33,001-991-631-6546x183,"0060 Kaylee Fork
Kevinland, OH 29520",Yes,9.0,3.0,9954.06,3.0,1.0,4.0,314.0,1
447,Jill Porter,vazquezthomas@example.org,34,732.348.3887,"0759 Coleman Fork Suite 787
New Sherylfort, MS 68320",No,290.0,1.0,306.12,1.0,1.0,1.0,111.0,4
448,Robert Golden,debbie33@example.net,25,001-469-972-6323x06470,"PSC 7446, Box 0093
APO AP 81517",No,93.0,5.0,11628.16,1.0,3.0,4.0,134.0,1
449,Elizabeth Phillips,benjamin23@example.com,45,773.687.3482x3664,"043 Thompson Stravenue
Port David, NE 74031",No,37.0,3.0,5661.27,2.0,1.0,3.0,213.0,1
450,Shirley Morrison,nrobinson@example.org,31,868-679-1636x26826,"4025 Brandon Burg
Kylebury, WI 81538",Yes,210.0,2.0,7453.21,1.0,1.0,4.0,114.0,4
451,Amanda Neal,crosbyheather@example.com,18,400-298-9939,"657 Lewis Fork Suite 040
Port Anthonyview, FL 65197",No,85.0,5.0,1351.16,1.0,3.0,2.0,132.0,0
452,Nathan Lopez,christinedavis@example.net,48,322.482.8308,"19958 Bowen Court Suite 833
New Nancy, KY 98070",Yes,6.0,2.0,800.1899999999999,4.0,1.0,1.0,411.0,2
453,Tiffany Hines,snyderlinda@example.com,30,(682)438-3736x94081,"01595 Mary Loaf Apt. 282
Jacobsfurt, AZ 88997",No,61.0,5.0,3503.79,1.0,3.0,3.0,133.0,0
454,Rebecca Wilson,taylormichael@example.net,34,(383)577-4201x702,"PSC 6806, Box 7166
APO AA 96625",Yes,6.0,5.0,10044.79,4.0,3.0,4.0,434.0,1
455,Jessica Thornton,greenpaul@example.org,30,(751)442-2194x58120,"48389 Brian Course
Harmonhaven, PR 64569",Yes,105.0,3.0,5970.410000000001,1.0,1.0,3.0,113.0,1
456,Kyle Bullock,ygriffith@example.net,29,(448)433-3072x59183,"711 Chase Lodge Apt. 681
West Brianshire, OR 41938",Yes,175.0,2.0,4056.94,1.0,1.0,3.0,113.0,4
457,Elijah Ferguson,tammy37@example.net,35,001-201-294-9873x66096,"3687 Francis Streets
Marieshire, MH 58337",No,234.0,4.0,8495.52,1.0,2.0,4.0,124.0,4
458,Kyle Williams,smithdavid@example.org,44,900.536.7072x728,"901 Neal Walks Apt. 044
West Emily, MA 43185",Yes,69.0,5.0,12542.52,1.0,3.0,4.0,134.0,1
459,Elaine Leblanc,kimberly64@example.net,32,+1-356-623-6464x306,"086 King Plains Apt. 787
New Justinport, VI 67434",No,141.0,4.0,1820.1,1.0,2.0,2.0,122.0,4
460,Nicole White,mark13@example.net,27,001-423-967-6043x374,"567 Arias Square Apt. 911
Roweburgh, MN 40962",No,61.0,4.0,6704.469999999999,1.0,2.0,4.0,124.0,1
461,Brianna Andrews,hensleysuzanne@example.net,43,707-765-5099,"6258 Hall Haven
West Jonathanton, WV 54966",No,97.0,4.0,938.12,1.0,2.0,1.0,121.0,2
462,Mike Thomas,michael24@example.org,31,6536146664,"874 Williams Track
Port Gabriela, HI 62794",Yes,139.0,4.0,7154.53,1.0,2.0,4.0,124.0,4
463,Kurt Rogers,vyang@example.org,47,925-292-6913x1788,"71030 Townsend Mountains Apt. 486
Riosmouth, CT 88860",Yes,77.0,4.0,6091.759999999999,1.0,2.0,3.0,123.0,1
464,John Jordan,michaeldurham@example.net,40,001-638-378-5142x41650,"3398 Elizabeth Ramp Suite 831
Port Jamesberg, NJ 07356",No,25.0,4.0,1273.78,2.0,2.0,2.0,222.0,0
465,Jeremiah Lane,joselozano@example.net,18,(348)324-2530x25838,"1781 Leah Courts
East Kenneth, TX 06925",No,62.0,4.0,6745.52,1.0,2.0,4.0,124.0,1
466,Aaron Edwards,meredithhernandez@example.net,33,001-247-497-8769x16210,"733 Ibarra Ridges Suite 971
Bartonberg, OR 61937",No,6.0,4.0,5413.990000000001,4.0,2.0,3.0,423.0,0
467,Gary Myers,bobby33@example.com,33,642-948-4665x968,"043 Moreno Station Suite 482
Meyersshire, LA 28955",Yes,132.0,4.0,8261.16,1.0,2.0,4.0,124.0,4
468,Jonathan Rivera,gmurphy@example.net,18,001-978-829-2567x203,"36103 Williams Mill
Bakerport, AK 60300",No,25.0,4.0,4988.64,2.0,2.0,3.0,223.0,0
469,Christopher Sanders,twaller@example.net,24,001-767-346-7642x66896,"813 Lambert Station
Shermanmouth, AS 04383",No,92.0,3.0,14540.82,1.0,1.0,4.0,114.0,1
470,Rachel Ramos,laura14@example.net,22,371-396-6093,"9401 Jones Trail Apt. 436
New Nathan, CO 63420",Yes,166.0,5.0,11007.0,1.0,3.0,4.0,134.0,4
471,Lori Levine,osaunders@example.net,21,606.910.6732x41974,"96632 Bradford Circles Suite 771
Lake Derek, GU 87952",No,11.0,6.0,7547.55,3.0,4.0,4.0,344.0,0
472,William Wheeler,garciajoseph@example.com,31,590.828.1191x140,"692 Burke Rapid
Lauraton, GU 71816",No,2.0,6.0,8366.01,4.0,4.0,4.0,444.0,1
473,Robert Rodriguez,ibenton@example.com,18,(226)298-3070x27861,"7528 David Avenue
Garciaberg, UT 70369",Yes,46.0,3.0,8643.56,1.0,1.0,4.0,114.0,1
474,Justin Cooke,juan09@example.org,56,679-762-1454x854,"194 Martinez Rest Suite 226
Randallburgh, CA 68664",Yes,,,,,,,,0
475,Brandon Hernandez,mtaylor@example.com,36,001-356-329-8169x39706,"630 Townsend Island
Jenkinsview, TN 42172",Yes,89.0,5.0,1487.25,1.0,3.0,2.0,132.0,0
476,Kenneth Jackson,smithrobert@example.net,39,585-716-9649x7983,"22697 James Skyway
South Brian, MP 09724",Yes,209.0,2.0,4939.4400000000005,1.0,1.0,3.0,113.0,4
477,Lori Harrison,perrychelsea@example.com,50,(731)615-2508,"20860 Finley Village
Mcculloughview, ND 12686",No,22.0,5.0,1474.83,2.0,3.0,2.0,232.0,0
478,Tracie White,whitekevin@example.org,49,(691)467-8555x6099,"1794 Ayala Causeway
East Briannashire, NY 84287",No,132.0,4.0,877.11,1.0,2.0,1.0,121.0,4
479,James Wilson,marshmargaret@example.net,38,(902)207-8444x194,"3407 Ramos Curve Apt. 099
South Christine, ID 97618",Yes,309.0,2.0,732.83,1.0,1.0,1.0,111.0,4
480,Erik Wright,stephendillon@example.net,43,+1-539-357-5736x57856,"99127 Bianca Inlet Suite 646
Dustinfurt, WA 56636",Yes,288.0,2.0,4534.21,1.0,1.0,3.0,113.0,4
481,Dr. Roberta Marquez,nhale@example.com,29,(383)679-3621x306,"96562 Miller Bridge Apt. 044
Stoutfurt, MS 81875",Yes,13.0,5.0,12220.84,3.0,3.0,4.0,334.0,1
482,Travis Carlson,amandawise@example.com,41,001-956-682-1691,"0655 Sullivan Field
North Jared, NJ 51331",Yes,302.0,2.0,4826.049999999999,1.0,1.0,3.0,113.0,4
483,Peter Scott,dyernancy@example.net,44,664-563-6219x75809,"960 Craig Harbor Suite 891
Port Justinport, VI 93927",No,166.0,6.0,10234.13,1.0,4.0,4.0,144.0,4
484,Allen Lee,qleach@example.net,29,5152081531,"433 Timothy Hills
Smithchester, WA 60563",Yes,20.0,1.0,376.5,2.0,1.0,1.0,211.0,2
485,Elizabeth Francis,oparker@example.com,41,(511)795-7177x0412,"5890 Jacob Turnpike
West Erin, AR 04389",Yes,88.0,4.0,6687.280000000001,1.0,2.0,4.0,124.0,1
486,Ashley Jones,rickyponce@example.org,36,001-668-402-1822x9044,"142 Ross Harbors Apt. 295
Walkerberg, VT 31636",No,36.0,2.0,810.66,2.0,1.0,1.0,211.0,2
487,Mr. Michael Jones DDS,melissamartinez@example.net,30,684.359.0863,"43887 Nelson Islands Suite 077
Reneebury, RI 87366",No,10.0,7.0,13114.22,3.0,4.0,4.0,344.0,3
488,Levi Williams,bartlettmackenzie@example.net,25,944.818.1115,"458 Kirby Trafficway
East Stevemouth, WY 73123",No,15.0,4.0,720.4000000000001,3.0,2.0,1.0,321.0,0
489,Donna Bonilla,alejandro69@example.org,33,478-251-7940x653,"09274 Kelly Harbors Suite 628
North Jacob, AS 47040",Yes,19.0,2.0,875.9599999999999,2.0,1.0,1.0,211.0,2
490,Alexis Moreno,stonechristina@example.net,35,229.376.3379,"3642 Perez Springs Apt. 772
Loritown, PR 04922",Yes,15.0,3.0,5601.049999999999,3.0,1.0,3.0,313.0,2
491,Teresa Marks,lori66@example.com,23,001-298-476-1396x4734,"PSC 8297, Box 1667
APO AA 28046",No,75.0,7.0,7967.759999999999,1.0,4.0,4.0,144.0,3
492,Dana Kelley,kristinecarney@example.org,37,(762)494-4853,"182 Warner Isle
Kevinmouth, RI 33232",Yes,138.0,2.0,876.6600000000001,1.0,1.0,1.0,111.0,4
493,Amy Johnson,gloriawalker@example.com,39,(311)866-6456x790,"1171 Chen Springs Suite 717
East Michael, FL 48751",No,92.0,3.0,2802.72,1.0,1.0,2.0,112.0,2
494,Derek Tran,janet55@example.org,36,946.330.4158,"0488 Brenda Stravenue
Shahburgh, PA 70731",Yes,,,,,,,,0
495,Shannon Gonzalez,jasontaylor@example.org,42,8574424348,"USS Stevens
FPO AA 90315",Yes,170.0,2.0,1005.87,1.0,1.0,2.0,112.0,4
496,Mackenzie Vaughn,frederickshields@example.org,23,001-793-490-0842x579,"289 Russell Mission
Christophershire, OR 53261",Yes,183.0,1.0,89.60000000000001,1.0,1.0,1.0,111.0,4
497,Luke Huber,ulang@example.com,39,690-238-1110x03464,"951 Charles Streets
Lake Richard, WI 44769",Yes,66.0,2.0,2160.84,1.0,1.0,2.0,112.0,2
498,Bailey Bryant,emily57@example.net,41,572-538-4501x6986,"702 Lopez Extensions Suite 697
Kleinshire, CO 85303",No,6.0,7.0,24094.18,4.0,4.0,4.0,444.0,3
499,April Thompson,lisa06@example.net,35,853.724.3387x15353,"Unit 9334 Box 1218
DPO AP 85198",No,107.0,3.0,3952.63,1.0,1.0,3.0,113.0,2
500,Brian Franklin,vcollins@example.net,50,+1-432-556-3063x7795,"998 Henry Islands Suite 357
New Mathew, NY 01366",Yes,15.0,7.0,2211.15,3.0,4.0,2.0,342.0,0
