CustomerID,FullName,EmailAddress,Age,PhoneNumber,Address,Married
1,John Miller,qdiaz@example.com,27,001-469-394-5438x4326,"978 Mike Prairie
East Andrew, MI 86590",Yes
2,Joseph Hansen,stacymccoy@example.net,47,(918)681-5656x5608,"97734 Krista Village
Lake Deniseborough, VI 90250",Yes
3,Anne Rogers,dcollins@example.org,53,(558)414-7857x62981,"5103 Pugh Branch
Tonyaland, OH 67379",Yes
4,Stephanie King,kathryn37@example.org,32,001-457-603-0704x32311,"04245 Abbott Glens
Bakerstad, WV 82562",No
5,Jonathan Blackburn,andersonaustin@example.net,26,+1-611-204-4217x69171,"99527 Katrina Light Suite 458
West Priscilla, AL 21291",Yes
6,Cynthia Henry,jensenmichael@example.org,41,222.636.6376x8933,"92709 Henderson Shoals
New Gregorymouth, OH 85307",Yes
7,Jennifer Rogers,ekey@example.org,31,884.765.0874x7096,"61146 Teresa Skyway
Hodgeston, NC 09625",No
8,Kimberly Kennedy,brenda07@example.org,47,(423)998-3385x578,"9275 Katie Street Apt. 835
Chandlerview, NJ 77960",No
9,Jack Gonzalez,trujillosylvia@example.com,34,263-851-8644x223,"710 King Key Suite 060
Howardview, IA 66564",Yes
10,Tina Rhodes,mullinsreginald@example.com,29,001-760-761-9956,"5306 Emily Curve Suite 861
Ortizville, ME 04039",No
11,Marissa Pacheco,ykelley@example.org,26,543-590-1236,"05605 Campbell Groves Suite 978
Amyview, IN 43936",No
12,Laura Huynh,feliciafernandez@example.com,33,001-269-442-2800x495,"04472 Stacey Course Apt. 608
West Darren, WI 17692",No
13,Jason Bowman,paul01@example.com,27,(336)812-4094,"746 Julie Locks Suite 199
New Nicholas, IA 12870",No
14,Kristen Ellis,ucampbell@example.org,31,626-721-7039,"750 Kathleen Forest Apt. 350
Mossside, GA 28553",No
15,Wesley Burns,mark30@example.com,43,(380)578-8826x87647,"910 Sheppard Mount
Jonathanport, GA 66535",Yes
16,Sarah Brock,kyledavis@example.net,27,552.779.0419x217,"051 Padilla Trail
South Kyle, CO 64758",No
17,Robert Garner,christophersherman@example.org,44,986-285-6867x51803,"155 Cummings Isle
Stephanieton, VA 55256",No
18,Kyle Ho,paigeperez@example.com,38,(475)677-2932,"77648 Smith Loop
Port Joshua, IA 19545",Yes
19,Kara Stevens,alejandropena@example.net,18,+1-365-369-5582,"5277 Martin Fort Apt. 808
Lake Marco, NY 81945",Yes
20,Donna Marshall PhD,scottjessica@example.org,54,313.846.6958x98187,"48556 Jesse Path
South Derrick, UT 22934",No
21,Richard Ortiz,deborah45@example.net,35,001-290-448-9829x9025,"9347 Mackenzie Plains
Hopkinsfurt, IL 22060",Yes
22,Linda Holland,cmunoz@example.net,24,001-315-481-4955,"272 Williams Circles
Jamesbury, PR 39893",Yes
23,William Berry,dgoodwin@example.org,18,4579078940,"95804 Orozco Estate Apt. 250
North Lisa, GU 83830",No
24,Amber Fox,karen63@example.net,24,001-941-901-6766x190,"12946 Ward Mill Suite 100
Phillipfort, NV 20746",No
25,Anthony Bowers,owhite@example.org,46,+1-234-387-0678x9291,"50995 Romero Skyway Apt. 972
Carrilloview, PR 21885",No
26,Adam Johns,tonya47@example.org,37,(583)882-4260x90593,"4380 Christopher Overpass
North Kelly, NM 02922",Yes
27,Katie Jimenez,thomaskevin@example.org,27,(388)305-4505x689,"4846 Nicholas Forges Suite 641
Knightchester, ID 94063",No
28,Gregory Shelton,taylor35@example.com,44,001-481-814-7521x10085,"017 Kimberly Islands
Michaelview, AL 49996",No
29,Felicia Anderson,charris@example.com,28,607-828-5570x0465,"396 Santos Throughway Suite 511
Morrisshire, NJ 53409",Yes
30,Kelly Ferguson,brianrogers@example.org,40,+1-836-506-2047,"58564 Hunter Expressway
Joshuafort, MA 59442",No
31,William Ortega,jasonhernandez@example.net,31,+1-712-564-5997x477,"77326 Lisa Springs Apt. 414
East Derekchester, OH 68212",No
32,Morgan Grant,mackmichael@example.org,22,(508)351-8837,"84215 Tiffany Common Apt. 158
Lake Anita, NE 83556",No
33,Todd Patton,mark67@example.net,29,+1-632-878-8199x263,"40429 Estrada Shore
Lake Jillian, KS 19728",Yes
34,Michael Weaver,victoriaramos@example.com,37,+1-605-736-7688x7130,"Unit 3261 Box 7118
DPO AE 71403",Yes
35,Jose Nguyen,landrymarie@example.net,37,+1-670-743-0726x709,"30284 Medina Inlet Suite 983
New Robert, WA 60840",No
36,Stephen Martinez,sandovalclaudia@example.org,43,519-883-4219x960,"5604 David Neck
Robinsonhaven, KS 22608",Yes
37,Anna Russell,john53@example.com,31,001-693-392-0218x347,"49066 Shelley Heights Suite 468
Ginamouth, WA 50047",Yes
38,Edward Roach,janealvarez@example.net,30,945-995-5127,"98611 Thomas Loaf Apt. 727
North Michael, MD 75506",Yes
39,Bryan Tran,murrayangela@example.com,41,9358762451,"0928 Randy Plain
Gabrielletown, IN 80625",Yes
40,Christina Garcia,eric00@example.com,28,902.236.3660,"91058 Roberts Drive
Shanechester, AL 01390",Yes
41,Nicole Winters,kevin26@example.org,18,(320)411-8777x901,"9213 Colon Ridges
Jeromeside, NM 90908",Yes
42,Shawn Mcknight,vfreeman@example.com,25,+1-511-640-0164x2395,"9354 Lara Prairie Apt. 106
Holtton, VT 69966",No
43,Connie Yates,pmanning@example.org,33,+1-814-740-1992,"4448 Wright Junctions
Michaelfort, ME 18214",Yes
44,Meredith Kirby,stephen81@example.org,31,001-855-745-2211,"97699 Jason Walks
Lake Rachelborough, AS 39766",Yes
45,Derrick Lynch,danielhuang@example.net,23,(822)568-8246x74463,"241 Gina Square Suite 073
Davidtown, RI 71753",Yes
46,John Stokes,randallrobert@example.com,18,001-248-232-4385x75169,"63245 Reyes Forest
New Christine, RI 78408",No
47,Dale Ross,christy47@example.org,36,6899751905,"Unit 5281 Box 8175
DPO AA 80877",Yes
48,Tiffany Rodriguez,ambernelson@example.net,60,9376137960,"00945 Stephanie Cliff
Fletcherchester, HI 85735",Yes
49,Emily Lynn,qgonzalez@example.net,40,001-369-988-2211x21977,"9001 Mack Burg
North Alyssa, IN 08654",No
50,April Brown,wheelergina@example.com,36,001-708-420-7146,"18709 Cynthia Stravenue Suite 787
Dennishaven, RI 79772",No
51,Kristin Salazar,wdominguez@example.net,27,(692)705-7143x3930,"PSC 6608, Box 8565
APO AA 30270",Yes
52,Sherry Bennett,jenniferconrad@example.org,28,912-544-7726x017,"73755 Ryan Harbor
Gonzalezport, OR 75724",No
53,Kim Stewart,sandradavis@example.com,39,865.442.7851x5071,"3787 Kathleen Throughway Suite 569
Simsbury, MO 45467",Yes
54,Wendy Novak,ucastro@example.com,24,234.625.4522x8889,"10052 Bernard Via Suite 235
Patriciashire, NM 83622",No
55,Scott Hansen,tina67@example.com,28,001-502-503-2495,"309 Christina Viaduct Suite 428
Davidberg, MS 19024",Yes
56,Bryan Page,lauracarroll@example.net,46,644-987-7192,"0039 Jackson Springs Suite 973
Teresaborough, CO 21376",Yes
57,James Collins,jennifer02@example.com,30,001-828-233-8369x158,"1779 Ronnie Landing Suite 272
Ryanmouth, CT 55897",Yes
58,Vickie Vargas,marcia86@example.com,35,(992)882-0174x54061,"823 Li Loaf Suite 487
Williamstown, PA 38314",No
59,Richard Johnson,sergiojohnson@example.net,35,665-977-9787x7781,"1640 Rodriguez River
Jennifertown, WI 31110",Yes
60,Justin Hunt,smithjessica@example.org,26,+1-490-985-4141x258,"Unit 8798 Box 5173
DPO AA 92704",No
61,Heather Rodriguez,johnsonthomas@example.com,38,001-325-453-8398x021,"7189 Aaron Island Suite 019
Michaelland, TX 23831",Yes
62,Teresa Peters,evanjackson@example.com,28,839.785.6743x003,"7961 Alexandra Loaf
Raymondland, MN 47631",Yes
63,Robert Moore,kerri48@example.net,18,9817192768,"75969 Smith Greens
New Nancyberg, FL 81780",Yes
64,Deanna Wallace,scottjohn@example.com,40,840.445.7288x99878,"7332 Joy Ridge
Barryhaven, CT 44476",No
65,Susan Lopez,jason78@example.com,40,9015711078,"Unit 1978 Box 7039
DPO AE 18648",No
66,Carrie Carrillo,dylanlee@example.com,18,6974870493,"2766 Jeffrey Highway Apt. 984
East Billyburgh, MA 17096",Yes
67,Tammy Valencia,laura37@example.org,38,616.767.9794x273,"7158 Campbell Overpass Apt. 733
Patrickshire, SC 30459",Yes
68,Julia Rodriguez,joseph09@example.com,47,8037265168,"8435 Katherine Plain
Nicholasfort, FL 44482",No
69,Pamela Vega,colleen72@example.com,32,524.881.6156,"042 Justin Crossroad
Kelleybury, LA 44766",Yes
70,Melanie Elliott,psoto@example.net,38,956.522.8252,"Unit 3240 Box 2279
DPO AA 83478",Yes
71,Melissa Gomez,steelecandice@example.com,30,3115518205,"578 Mathews Dale
Michaelburgh, TX 63067",No
72,Amber Little,wrightdustin@example.com,20,365.510.7182x198,"27750 Mark Crossing Apt. 298
Skinnerhaven, SC 18723",No
73,Kelly Day,gunderwood@example.com,45,+1-238-573-1793x63677,"5485 Matthew Gardens
Michellefurt, MD 46693",Yes
74,Jocelyn Walker,whitemichael@example.net,52,386-857-3452x6796,"USCGC Welch
FPO AE 49168",No
75,Mark Anderson,osmith@example.net,48,563.356.1253x076,"70015 Eric Passage
New Brandonville, OH 53643",No
76,Nicole Newton,aguilarjoshua@example.net,26,514-909-1106,"19991 Matthew Fords
Loganhaven, WI 78158",No
77,Lauren Jackson,samanthaclay@example.net,28,851-623-1141x23913,"459 Roberts Pass Suite 617
Mccallbury, PW 33325",Yes
78,Dawn Wilson,jennifermccullough@example.com,35,892.748.0312x0198,"3132 Matthew Estate Apt. 964
Gonzalezburgh, MI 62867",Yes
79,Ronnie Mcclain,martinezderek@example.net,35,+1-389-332-3692x57697,"98494 Tracey Ville Suite 477
Caldwellburgh, UT 07976",Yes
80,Dr. Nicole Matthews,icervantes@example.org,24,7916443697,"14643 Katie Ville
Lake James, FM 22086",Yes
81,Katrina Gillespie,sandersjose@example.net,42,8629075839,"USS Howell
FPO AE 95506",No
82,Christina Mora,vmorales@example.net,34,(719)521-1185x765,"830 Rogers Plains
South Stevenstad, AL 57524",Yes
83,Kristopher Moore,dawnrice@example.com,31,+1-799-264-2609,"5945 Beverly Loaf
Whitefurt, MO 59524",No
84,Gina Irwin,vincentspencer@example.net,39,860-220-6116,"1643 Stephen Mews
Andrewstad, IN 60478",Yes
85,Rebecca Fields,montgomeryaustin@example.org,45,590.339.3162x652,"2475 Margaret Burgs
Kathrynberg, TN 39402",Yes
86,Hayden Hayes,mcdonalddonna@example.com,32,837.302.3209,"05308 Teresa Curve
Nguyenburgh, PR 39636",No
87,Virginia Ingram,margaretwilliams@example.com,44,793-639-3309x36869,"05678 William Trace Suite 989
North John, VI 72645",Yes
88,Jenna Mitchell,barry53@example.org,48,954-562-3743x4328,"8902 Michelle River
Lake Pamfurt, PA 91147",Yes
89,Jeffery Martinez,nicole85@example.net,41,(528)695-8109x34555,"246 Bennett Mountains
Angelicaview, PR 45430",Yes
90,Susan Martin,daniel37@example.com,18,611.360.2230,"7746 Laura Mission
Port Joseph, RI 13960",Yes
91,Linda Day,bmason@example.org,39,(389)920-2149x546,"212 Shannon Mission
Colestad, DE 78817",Yes
92,Katelyn Ray,phillip46@example.net,37,+1-606-481-0709x644,"Unit 1496 Box 2390
DPO AP 33804",Yes
93,Mercedes Baker,qrichard@example.org,29,+1-298-375-0252,"668 Karen Terrace Suite 301
Masseyville, PW 81056",Yes
94,Tyler Gardner,brenda51@example.com,40,(529)203-2060x76429,"778 Brandon Garden
Dianeport, IN 20018",No
95,William Hopkins,ramirezpaige@example.net,39,001-876-296-9252,"498 Kenneth Lakes
Saraport, IA 40633",No
96,Michael Kelly,wcontreras@example.org,43,458.957.7874,"598 Price Corners Apt. 845
Dawnhaven, VT 26047",Yes
97,Peter Nash,novakpeter@example.com,45,+1-412-839-1166,"528 Richardson Extensions Apt. 199
North Breannaburgh, WA 42622",No
98,Michael Garcia,thomasbutler@example.org,41,(884)478-2538,"622 Long Causeway Apt. 404
Robinborough, GA 05505",No
99,Alexandria Gaines,archerlee@example.com,36,(923)662-4440,"75020 Walker Rue Suite 579
Powersburgh, UT 52463",Yes
100,Richard Kelley,daniel34@example.net,33,721.222.7329x9525,"608 Kevin Forest
Perryton, MP 09944",Yes
101,Heather Mueller,jasonkennedy@example.net,33,423.803.5200x5473,"37829 Vicki Lakes Apt. 449
Francisbury, VI 80706",No
102,Heather Ewing,fhester@example.org,38,6125757299,"09061 Bryant Mountains
New Timothyfort, RI 45625",Yes
103,Andrew Gregory,marcus63@example.com,32,+1-432-303-0930x74355,"Unit 9153 Box 4833
DPO AE 42015",No
104,Nicole Jimenez,adamsdenise@example.com,26,(594)715-6448,"PSC 5247, Box 7697
APO AA 11944",Yes
105,Stephanie Long,coltonferguson@example.net,20,742.702.9529x212,"355 Rachael Freeway
Raymondhaven, IN 29743",Yes
106,Nicholas Johnson,christianrobinson@example.net,32,+1-417-623-5329x8686,"0933 Jonathan Ways
Lake Sarahmouth, ND 17321",Yes
107,Victoria Hawkins,ralphlynch@example.com,35,856.926.2518x889,"581 Hudson Isle Apt. 912
Woodsside, LA 01597",Yes
108,Stephanie Morris,xlee@example.com,32,+1-729-488-0767,"USCGC Summers
FPO AA 53637",Yes
109,Amy Jackson,michael45@example.com,41,(743)714-4738,"60466 Sanchez Lakes
Sierraview, LA 15955",No
110,Michael Gallegos,pennyaguirre@example.net,31,480.329.8633x3050,"USNS Hamilton
FPO AE 31995",Yes
111,Brianna Davis,davidsingh@example.com,35,268-785-4003x81612,"79733 Shannon Ports Suite 145
Mikefurt, OH 50081",Yes
112,Miranda Knight,stacy35@example.org,41,+1-505-329-8892x541,"84587 Davis Road Apt. 761
Garrettmouth, TN 42060",Yes
113,Caitlin Lawson,bishopian@example.com,53,(644)940-3719,"USCGC Ramirez
FPO AE 72468",No
114,Karen Patterson,alicia13@example.net,39,9436461127,"6179 Velasquez Land
South Angelicaborough, NE 11391",Yes
115,Joseph Perez,michellehenderson@example.com,49,415-662-4489x93542,"222 Griffin Roads
Larsonfurt, MP 56561",Yes
116,Catherine Gilbert,vanessa42@example.org,39,738.492.9770,"7548 Charles Rapid Apt. 109
Sellersberg, WI 66346",Yes
117,James Bond,codycervantes@example.com,23,+1-433-453-7390,"26897 Joseph Heights
Jonesborough, NY 62973",Yes
118,Sara George,courtneyhamilton@example.org,41,+1-742-821-5365x876,"19852 Cox Wells Apt. 157
Port Lanceshire, NM 76027",Yes
119,Carly Butler,ryan76@example.org,30,4914002104,"010 Kelly Overpass Suite 767
Sarahside, VI 62017",No
120,Steve Kelly,briangibson@example.net,23,+1-765-430-0487x900,"4004 Samuel Road Apt. 844
West Karichester, RI 87485",No
121,Monica Miranda,kramervictor@example.com,31,001-321-416-4577x90581,"6617 James Crest
Lawrencebury, ME 23975",Yes
122,John Gray,jason18@example.org,19,(705)673-6117x7780,"748 Sierra Garden Apt. 889
Mortonborough, MA 87355",Yes
123,Anthony Haynes,melissavargas@example.net,38,(368)590-7248x04441,"0692 Donna Hills Apt. 754
Laurafurt, PW 00502",No
124,Justin Nguyen,vcherry@example.net,23,001-771-316-6620x44169,"91933 Porter Mission Apt. 626
Port Brianville, MT 79368",Yes
125,Stephen Blankenship,ahunt@example.org,53,(931)913-9185,"6054 Obrien Haven
Byrdfort, PW 01585",No
126,Mary Hernandez,robertgross@example.com,48,+1-501-338-6151x638,"4727 Linda Parkways Suite 363
Mooreland, FL 95874",Yes
127,John Juarez,robert74@example.com,18,001-936-622-2263x77497,"PSC 4975, Box 7017
APO AP 32715",No
128,Michael Casey,rmeyer@example.com,49,268-921-7948,"6349 Catherine Radial Apt. 629
Olsenhaven, AK 46582",Yes
129,William Sherman,emilychase@example.net,24,531.997.1064,"525 Ayers Landing Apt. 058
Olsonborough, LA 70305",Yes
130,Ryan Rodriguez,marquezjonathan@example.net,43,939-934-3894x61491,"023 Lisa Crest Suite 627
Fisherfurt, MT 39716",No
131,Rachel Ramsey,peggylawrence@example.org,29,3633507090,"USNS Jimenez
FPO AE 14550",Yes
132,Edward Larson,juanpineda@example.org,19,001-295-789-8774x60329,"257 Jack Prairie Suite 069
Tammybury, VT 38073",Yes
133,Kathryn Brown,kellydebbie@example.net,52,714-703-2555x431,"5446 John Overpass
Rodgersville, UT 95062",No
134,Curtis Cox,andreneal@example.org,37,(340)268-7150x55822,"7078 Cox Canyon Apt. 146
Garciabury, NH 82240",Yes
135,Jason Sexton,archerstephen@example.org,23,001-523-771-6421x27003,"861 Michael Radial
Cindymouth, LA 22550",No
136,Austin Turner,joshuamartinez@example.com,28,001-820-311-9977,"8542 Robert Expressway Suite 207
Sullivanstad, SC 98938",Yes
137,Wanda Mcfarland,palmergabriel@example.org,27,252-750-0427,"1845 Donna Row
North Bryanmouth, MP 81308",No
138,Michael Ortiz,michael04@example.net,31,(900)640-9037x681,"0432 Anthony Island Suite 831
West Charles, KY 91473",Yes
139,Eric Smith,williselizabeth@example.com,21,001-237-782-2739x3832,"02684 Skinner Walk Suite 525
East Leonardland, KY 73818",Yes
140,Cynthia Wilcox,sgarcia@example.net,39,718.381.5630,"6911 Lowery Radial
Beckbury, FM 35766",Yes
141,Scott Dyer,jennifer32@example.net,49,(753)709-8640x782,"728 Katherine Crossroad Suite 366
East Sherishire, GU 35538",Yes
142,Derek King MD,julie35@example.org,24,001-706-577-8683x4647,"15689 Jose Plaza Suite 283
Johnchester, NV 52823",No
143,Hailey Gray,dawsonmatthew@example.com,27,001-580-764-2598x63181,"87600 Hannah Green Suite 000
Smithmouth, VT 40027",Yes
144,April Mcdonald,lisabarber@example.com,39,(763)375-2051x8662,"569 Martin Forest
South Benjamintown, CT 51939",No
145,Mr. Gregory Perez,hardingmichael@example.org,23,6849666803,"USS Marshall
FPO AA 01744",Yes
146,Wesley Nunez,pprice@example.net,40,+1-521-797-1985x561,"94535 Chloe Walk
West Sarahville, MH 79464",No
147,Joseph White,paulwood@example.net,27,+1-839-567-2480x2881,"46367 Tina Lights Apt. 840
South Darryl, WA 87816",No
148,George Smith,julie70@example.org,41,562-350-1267,"800 Patrick Port Apt. 705
West Eric, MD 75437",No
149,Thomas Nunez,frankmelissa@example.org,28,(604)270-3497,"4935 Hannah Mission Suite 902
Port Jeffreyview, NE 10225",No
150,Sarah Booth,eramirez@example.net,25,+1-800-888-9127x14314,"3716 Maria Squares Suite 038
Kimberlyfurt, FM 86202",No
151,Thomas Morton,amanda36@example.org,38,(314)917-3314,"60334 Caleb Forge
Richardmouth, HI 53421",Yes
152,Brittany Hernandez,wanda45@example.com,41,918-237-8804x092,"30260 Edwards Glens
Teresaside, HI 43446",No
153,Kaitlyn Alvarez,ortegabrian@example.org,54,384-724-8911x8607,"5337 Williams Forest
Jasonfort, OH 39790",No
154,Timothy Robinson,jeffreyross@example.org,29,940-288-9934,"551 John Gateway Apt. 862
West Pamela, WI 48405",Yes
155,Scott Myers,jacob34@example.net,23,(709)991-3479x48270,"25533 Doyle Road Suite 711
South Gary, MI 74872",No
156,Jasmine Brown,jessicabrown@example.net,43,853.806.9505,"51529 Anita Prairie
Wendyfurt, NC 47978",No
157,Derrick Jenkins,emorrison@example.com,48,+1-639-908-5642x791,"4810 Barnes Walk Suite 862
Randolphstad, DC 39365",Yes
158,Destiny Jones,charles25@example.org,52,+1-968-840-0595x31861,"44437 Joseph Pike
Jonesfort, NY 72842",No
159,Susan Garrison,suzanneschneider@example.net,20,806-681-4241,"604 Rose Camp Suite 870
Port Rhonda, SC 54238",No
160,Bradley Vega,ugrimes@example.org,36,(485)904-5166x88698,"969 Anderson Village
Port Amanda, AR 01930",No
161,Jay Green,richard45@example.org,45,001-799-891-0792,"72528 Kenneth Manors
East Tammy, TX 50383",No
162,Stephen Ritter,echambers@example.org,21,5154644154,"0380 Brooks Square
Andersonborough, KY 89637",Yes
163,Mathew Grimes,howardglenn@example.com,18,+1-730-669-4786,"17252 Moore Fall Suite 482
Diamondmouth, WY 72084",Yes
164,Bill Mcdonald,aliceboyd@example.net,42,001-402-437-2120,"74577 Lee Inlet Apt. 103
East Christianchester, FM 32338",No
165,Stephanie Krueger,ddaniel@example.com,30,(425)796-8115,"4468 Marc Burg Apt. 229
West Jennifer, IL 83135",Yes
166,Emily Lee,davidthomas@example.net,29,(464)903-8773x00982,"08950 Lauren Pines Suite 833
East Tyler, NE 14768",No
167,Bernard Austin,aguirrecameron@example.org,25,+1-563-437-4635x67358,"15026 Mark Estate Suite 725
Markburgh, CT 46834",Yes
168,Timothy Nichols,steven09@example.com,35,+1-242-769-8237,"62958 Laura Meadow Suite 610
Adrianstad, OR 47470",Yes
169,Penny Sanchez,danielmark@example.net,37,+1-892-912-3560x1018,"082 Wesley Extensions
West Danny, WV 44624",Yes
170,Samuel Mckay,katherine20@example.com,37,4322448943,"0871 Molina Isle Suite 909
Wilsonborough, NJ 22872",No
171,Michael Snyder,lauriehebert@example.org,23,001-500-459-8130,"11236 Durham Crossroad
Roweton, VI 49580",No
172,Marissa Reeves,sking@example.org,36,001-320-471-2993x3293,"375 Alvarez Villages Apt. 096
Lake Amanda, PA 60816",No
173,Jordan Donaldson,lgarrett@example.net,18,(964)792-2938,"USCGC Miller
FPO AP 41891",Yes
174,Cole Evans,wardkatrina@example.com,34,001-644-743-5141x47029,"155 Moore Underpass
Davisport, MI 51239",No
175,Trevor Hall,juliakirby@example.org,31,321.739.1661,"6483 Ashley Forges
Port Philip, MO 04233",Yes
176,Scott Lee,codypeters@example.net,43,+1-880-865-5208x5084,"734 Horn Terrace Suite 226
Schultzton, PA 72009",Yes
177,Laurie Mooney PhD,brandon54@example.com,42,500.289.7969,"1026 Clayton Squares Apt. 678
Port Deannastad, FM 91269",Yes
178,Kayla Anderson,scottwilliam@example.org,40,269.822.0883x4137,"981 Sanchez Flats
South Dustinshire, IN 24599",Yes
179,Elizabeth Brooks,alyssamacdonald@example.net,47,213-347-9290x99970,"109 Michael Ville
Lake Mary, WV 48565",Yes
180,Michael Smith,jacobsonryan@example.org,31,+1-507-716-7644x5191,"Unit 2644 Box 7484
DPO AA 26048",Yes
181,Kathleen Torres,salinasteresa@example.net,27,315.319.1962x14710,"63240 Jefferson Harbor Apt. 845
Williamsside, SD 31549",No
182,Ann Smith,ashleymclean@example.com,30,814.243.2886x413,"7357 Douglas Tunnel
New Timothy, FM 42986",Yes
183,Dr. Natasha Willis,wvaldez@example.org,40,(370)550-6799,"54811 Smith Cliff Apt. 834
North Christytown, UT 12916",Yes
184,James Hall,rileynicholas@example.com,41,(920)625-5723,"030 Baker Center Apt. 420
Lake Kristi, FM 63952",No
185,Tom Gray,stevensonjeffrey@example.org,26,(261)997-8093x60709,"66656 James Walk
Donaldhaven, CA 79758",Yes
186,Donna Chang,umay@example.com,43,704-990-7077,"19325 Phillips Ridge
Port Brentberg, IA 46458",Yes
187,Peter Hoffman,phameric@example.org,33,001-519-272-6945x6130,"645 Villa Mall
Lake Jeffrey, KY 53565",No
188,Oscar Young,sandradean@example.net,32,001-230-674-7454x9103,"54995 Wayne Place Suite 877
Port Brandon, WV 37332",Yes
189,Caitlin Ortiz,jamiefisher@example.org,35,+1-442-350-6305x983,"582 Amanda Stream
East Victorchester, PR 87144",No
190,Joan Beard,youngann@example.net,45,001-249-290-8169x8372,"PSC 2664, Box 1424
APO AE 95472",Yes
191,David Armstrong,xellis@example.org,39,852-209-8151x268,"Unit 0669 Box 4101
DPO AP 20554",No
192,Michael Richardson,cherylkirk@example.net,20,+1-336-747-1538,"5775 Snyder Skyway
West Bethanyton, LA 19492",Yes
193,Jordan Anderson,brianscott@example.com,44,001-615-802-0340x803,"3506 Mclean Courts
Davisbury, FL 94193",No
194,Richard Wilson,gboone@example.net,22,831-876-9935x23251,"00437 Mendoza Drives Apt. 109
North Kellyville, MN 74664",Yes
195,Ann Black,deleonbrad@example.net,40,(426)451-4775,"47465 Jerome Radial Apt. 893
Juliatown, AK 57174",No
196,Arthur Taylor,sarah89@example.com,49,490.844.4939,"2317 Hamilton Ways Apt. 712
Johnsontown, PW 88514",Yes
197,Joshua Lopez,leblanctimothy@example.com,22,845-686-4502x31544,"9037 Shannon Locks
North Mary, GA 55631",No
198,David Burns,johnsonmatthew@example.org,28,231-649-0923,"3459 Jill Trace Apt. 996
Anthonyside, DC 51776",No
199,Kenneth Brown,garciarichard@example.com,28,3032043138,"927 Fritz Extension
Port Mitchell, CT 50918",Yes
200,Wayne Smith PhD,bradleywalker@example.net,25,+1-243-843-3774x70541,"6752 Wilson Common Suite 767
East Marytown, PA 48265",No
201,Kim Villegas,stanleyronald@example.org,25,+1-762-958-7151,"64280 Santiago Valleys
Edwardburgh, VA 37000",No
202,Eric Kelley,cummingsmichael@example.net,32,+1-787-391-6752x839,"8340 Stephen Station
New Julianview, ND 04639",No
203,Linda Banks,dblevins@example.net,38,309.213.5903x0609,"PSC 4357, Box 5145
APO AA 66273",No
204,Joshua Knox,bcurry@example.org,32,+1-569-823-3343x1401,"971 Victoria Walk Suite 662
Martinland, OR 39594",Yes
205,Briana Orr,jeremy25@example.net,38,(910)385-6045x07219,"586 Hawkins Lake
Lake Cynthia, GU 75539",No
206,Kimberly Golden,johnsondaniel@example.com,44,948.925.1158x7199,"1759 Jill Green Apt. 381
Reyeston, NV 88708",Yes
207,Mr. Charles Mckinney,katelyn30@example.net,35,253-614-3440x62532,"99089 Douglas Gateway
Shannonborough, KY 20250",No
208,Richard Lee,danielle91@example.org,33,(341)631-3660x00658,"3870 Walton Ridges
Holmeston, AS 01260",No
209,Natasha Silva,ryandavies@example.com,40,5663843546,"Unit 9588 Box 2666
DPO AP 67890",Yes
210,Michael Hughes,amcdonald@example.com,18,458.616.3146x046,"177 Raymond Lane Suite 045
New Timothy, OH 81104",Yes
211,Jennifer Lopez,qharris@example.org,36,328-991-4007x5881,"0593 Heather Place
Martinland, SD 26025",Yes
212,Jennifer Holland,ijones@example.org,18,623-535-0223,"9189 Frederick Squares
South Ian, PA 71353",No
213,Nicole Fletcher,hcarter@example.com,28,(560)426-6881x309,"7631 Lynn Views
South Deanna, ME 22693",Yes
214,Anthony Lewis,david30@example.com,18,(320)683-9497x796,"055 Elizabeth Coves
Loganmouth, PA 90475",Yes
215,Stephen West,kristen96@example.org,42,375.642.7418,"70137 Tamara Vista
North Andrewmouth, MP 58303",No
216,Shelly Washington,brandoncobb@example.com,37,236-865-0271x759,"1938 Donald River Suite 377
Riveraville, MP 50517",No
217,Jacob Adams,laura59@example.org,36,551.256.8942x21052,"41802 Jackson Ways Apt. 222
Jeffreyside, MN 69082",No
218,Jessica Walls,qfrazier@example.org,22,857.201.4249x178,"71738 Washington Bridge
Whiteburgh, IN 43371",No
219,Hector Nelson,sgriffin@example.net,42,5622057189,"975 Atkinson Fall Apt. 375
Yvetteberg, MH 33242",No
220,Joseph Garner,david67@example.net,46,869-301-2725,"750 Justin Burgs
East Karen, IN 57719",Yes
221,Kristina Romero,petersonwendy@example.org,27,3883502769,"44260 Nathaniel Summit
Lake Charles, AR 23939",Yes
222,James Graham,xwilliams@example.net,39,(492)294-1664x344,"1608 Sheila Lane Apt. 898
New Lisahaven, LA 43723",No
223,Pamela Davis,ifleming@example.org,23,+1-218-411-9580x6642,"1466 Calhoun Lights Suite 249
West Chadbury, MT 94311",No
224,Sabrina Jones,lindsaybullock@example.org,46,322-411-2655x1713,"USNS Mckinney
FPO AA 36240",No
225,Gabriel Sullivan,xdavis@example.org,29,286.618.5015x72957,"65627 Frank Extension Suite 510
Troyland, SC 37017",No
226,Laura Wallace,smithcarrie@example.net,18,001-476-994-5034x85615,"1736 Jackson Knoll
Brittanyville, CA 45287",Yes
227,Peter Fitzgerald,allenwilliamson@example.net,44,383.412.1805x011,"789 Nicholas Path Suite 224
Doyleside, CO 35983",No
228,Jason Ward,koliver@example.org,54,(706)203-6394,"39577 Smith Gardens Suite 488
Port Heatherhaven, OR 78988",No
229,Reginald Gentry,tanderson@example.net,32,(618)389-0873x37770,"3420 Davis Forest Apt. 263
North Stephanie, WY 30131",Yes
230,Douglas Glover,claytonvaldez@example.net,30,5225823914,"931 Shari Village
Port Frederickside, AL 26462",No
231,Robert Morgan,ybrown@example.org,24,001-418-984-4605x0395,"967 Krista Lights
Maryhaven, VA 64436",No
232,Stephanie Eaton,hendricksdouglas@example.net,30,302-461-6997,"PSC 1943, Box 9307
APO AP 29054",No
233,Regina Simon,coxjoseph@example.org,33,548-888-0950,"0183 Wood Trail
Velazquezside, NJ 87884",No
234,Allen Williams,danielgarrett@example.org,25,001-463-750-0565x2669,"778 Deanna Spring
East Amanda, NV 77812",No
235,Jacqueline Miles,ngreen@example.org,32,376.253.7280x2291,"8056 Brock Point Apt. 344
Harrisburgh, GU 45205",Yes
236,Courtney Watts,ayersalexandra@example.com,44,8038464865,"0317 Diana Vista
North Anne, KS 84466",Yes
237,Sean York,william27@example.net,28,001-229-780-5254x03764,"383 Renee Heights
Johnland, CO 41589",No
238,Mrs. Alyssa Osborne MD,jamie63@example.org,42,+1-759-392-9851x008,"90157 Jacqueline Light Apt. 027
South Christine, UT 96031",Yes
239,Lauren Pope,ramseychristopher@example.com,58,(248)728-2384,"9851 Franco Shores Apt. 322
West Charles, AK 85965",No
240,Evelyn Ruiz,mario08@example.net,32,001-324-471-5095x53588,"99972 Clark Roads Apt. 691
East Bettyfort, PW 70335",Yes
241,Jorge Cox,larry26@example.com,37,001-413-335-9525x0257,"75163 Flores Meadows Apt. 401
Richardmouth, IL 90976",No
242,Dawn Carter,vcurry@example.org,42,(305)342-4172x3043,"Unit 0766 Box 5424
DPO AA 61152",No
243,Anthony Hammond,schneidermelissa@example.com,18,001-680-914-3127x152,"8854 Harris Points Suite 675
North Karenfort, MN 18808",No
244,Micheal Hale,nrodriguez@example.com,23,677.397.4459x1581,"PSC 6885, Box 5188
APO AP 62476",No
245,Edward Wiggins,abrady@example.net,34,888.566.5683x390,"58319 Brown Stravenue Apt. 071
Butlerside, IL 29655",No
246,Kelly Weber,john92@example.net,41,514.839.5368x59233,"76353 Vanessa Dam
Harrisville, FL 59923",Yes
247,Bethany Burnett,elizabeth27@example.net,29,495.557.7849,"94143 Megan Turnpike
Stephenshaven, DC 91844",Yes
248,Susan Williams,adrianachandler@example.net,36,001-635-781-7732x443,"83864 Jackson Roads Suite 756
Jennifermouth, KY 23359",Yes
249,Erin Horn,acasey@example.net,30,523.643.0600x586,"1406 Rachel Unions
Fordside, TN 03586",Yes
250,Antonio Wong,thomaslarson@example.net,40,(722)498-9807,"9715 Black Mission
South Jennifer, AZ 44692",Yes
251,Roger Graham,pboyd@example.com,41,822-691-0200,"981 John Locks
Medinatown, DC 11012",No
252,Alexandra Landry DVM,michael25@example.org,31,638-471-2861x93922,"9995 Brown Skyway Apt. 313
Walkerton, UT 16578",Yes
253,Matthew Davenport,franklindiaz@example.net,38,(723)476-3010,"1020 Young Tunnel
West Michaelberg, AK 67362",No
254,Latoya Palmer,kimberlydaugherty@example.org,46,2167228652,"039 Joseph Camp
Olsonbury, LA 03687",No
255,Timothy Bolton,brett18@example.com,18,001-244-852-6849,"726 Reed Junction
South John, SC 29349",No
256,Mario Gutierrez,abigail38@example.net,34,001-914-468-4743x012,"USNS Garcia
FPO AE 41667",Yes
257,Douglas Simon,freemanjennifer@example.net,38,259.325.0317x46655,"67868 Kelly Bridge Suite 410
West Apriltown, VI 76000",No
258,Hannah Leon,abigailcunningham@example.net,21,706-984-1564x95813,"772 Anderson Rapids
Clarkborough, NC 25729",No
259,Sierra Vance,roserichard@example.com,26,001-811-529-3694x6195,"149 Schwartz Underpass Suite 430
Port Sarahhaven, GU 87448",Yes
260,Brandy Chung DDS,jerryclark@example.net,49,611-652-2926x986,"095 Castillo Mountains
West Robert, OH 84745",Yes
261,Martin Gonzalez,christopher29@example.net,46,+1-336-997-0278,"55747 Charles Mews
Wilsonborough, LA 34686",No
262,Edward Dean,samuelwest@example.net,40,314.637.1221x46693,"USCGC Diaz
FPO AP 56053",No
263,Michelle Gibbs,blin@example.org,30,+1-961-996-2314,"PSC 8307, Box 9243
APO AA 31041",No
264,Timothy Ferguson,james79@example.com,32,5764850760,"04688 Jonathan Skyway
Whitneyland, DE 50427",No
265,Katherine Wright,wsmith@example.net,22,617.789.2717,"825 Richard Loop Suite 040
Lake Michaelport, FM 05229",Yes
266,Roy Carter,williamlove@example.com,39,350-415-2929,"19416 Yu Forge Apt. 313
Knighttown, WA 34213",No
267,Sarah Shaw,owensbianca@example.org,21,246.513.7962x0964,"735 Moore Unions
Port Anne, AK 89425",No
268,Erica Frazier,zware@example.com,24,+1-668-237-2207x8564,"99956 Marcia Manor Suite 964
Brookeport, VT 78149",Yes
269,Haley Weaver,tyler64@example.net,24,972-695-2884x196,"7050 Robin Square Apt. 626
Christinefurt, WA 00620",Yes
270,Kristen Callahan,guzmanalison@example.net,25,(936)377-2052,"80141 Jacobs Canyon
South Tarahaven, NJ 81399",No
271,Kyle Tucker,lynnashley@example.org,22,346.288.8040x5803,"4316 Gaines Neck
North Michael, CO 06947",Yes
272,Paula Patton,jessica22@example.com,38,471.598.1651,"362 Ronnie Path Apt. 275
Scottville, PA 18296",Yes
273,Rebecca Shields,sarah79@example.net,37,880.825.7473x44902,"77297 Zachary Lock Suite 901
Hopkinsland, VI 96949",No
274,Michael Colon,angela76@example.org,26,4316171639,"52346 Joseph Fall
Lake Jonathanhaven, VI 20085",No
275,Kimberly Higgins,jesseburnett@example.net,47,678-509-7926x98259,"Unit 7839 Box 6605
DPO AP 25479",No
276,Christopher Tran,lmatthews@example.net,43,891.631.3002x940,"21077 Robbins Estate Apt. 099
Stephaniehaven, NM 34397",Yes
277,Danielle Gray,xshort@example.net,50,(622)666-8715,"1534 Stacey Ridge
West Betty, RI 43077",Yes
278,Theodore Bell,sherifisher@example.org,34,001-941-742-1565x902,"352 Mark Course Suite 526
Port Travisborough, IA 62726",Yes
279,Mrs. Sabrina Anderson,imitchell@example.net,43,+1-510-613-6417x45961,"1582 Hernandez Island Suite 739
South Casey, MN 02715",Yes
280,Connie Cook,leekelli@example.org,31,442.448.0635x753,"26344 Adam Village Suite 790
New Royland, MS 66110",Yes
281,Jason Johnson,yponce@example.net,40,(335)788-7851x52284,"821 Thomas Manor Apt. 253
West Francisco, CT 69525",No
282,Samantha Garcia,kempedward@example.net,32,621.855.7786,"03419 Miranda Crossing
North Kristinshire, IA 46160",Yes
283,Sherri Roman,michaeldiana@example.com,18,001-874-413-5046x7566,"12556 Kimberly Fords
Timothytown, MN 76343",Yes
284,Bridget Martin,jenniferwells@example.org,26,+1-746-646-0037x97299,"Unit 7760 Box 3614
DPO AA 03705",Yes
285,Austin Barajas,mayseric@example.org,23,001-656-888-7348x3507,"58490 Peggy Prairie
New Michael, GU 22295",No
286,Perry Silva,virginia23@example.net,33,924-212-5746,"05664 Moore Lights
Port Kaylahaven, ME 63495",Yes
287,Martin Cross,smcdonald@example.net,33,8307126811,"44799 Wallace Shores Suite 291
Carlosfurt, NC 84575",Yes
288,Aaron Perez,ubrock@example.org,39,001-605-219-5762,"5017 Bradford Glen Apt. 102
Michaelfurt, KY 25447",Yes
289,Jennifer Reeves,ibaird@example.net,30,001-927-551-1709,"560 Danielle Stream Suite 116
Lake Johnnychester, MO 03261",Yes
290,James Watson,allison43@example.com,50,+1-667-381-0220x8176,"USS Perez
FPO AP 82010",Yes
291,Kimberly Higgins,eharrell@example.com,34,+1-544-626-4353x373,"660 Bishop Causeway Apt. 963
Scottfort, MI 26849",No
292,Karen Jones,landerson@example.com,31,524.781.7317x133,"52816 Garcia Overpass
Martinezfurt, TN 86318",Yes
293,Cassandra Aguirre,kelly30@example.com,26,544.530.2068,"30952 Bryant Park Apt. 921
Hunterchester, AS 44955",Yes
294,Kenneth Nguyen,dwilliams@example.net,36,(616)649-6364,"907 Silva Shore
North Ianhaven, VA 01508",Yes
295,Lori Chambers,tvasquez@example.net,29,679.621.1444,"41099 Logan Burg
South Joshuabury, FM 97993",No
296,Alexandra Reilly,carlasnow@example.org,31,366.819.0612,"USNS Gibson
FPO AA 28297",No
297,Michael Cordova,sarahvelazquez@example.net,28,332-874-7286,"6640 Farrell Road Apt. 122
North Leslieside, MT 06117",Yes
298,Chad Sims,johntate@example.net,45,001-969-278-9242x787,"9568 Rodriguez Walks
Mirandaburgh, SD 74410",Yes
299,Rebecca Walsh,dawn90@example.com,41,+1-994-600-1810x62390,"8384 Delgado Ports
Santiagohaven, AZ 49615",Yes
300,Anthony Pierce,tanyacarter@example.com,33,(392)388-8894,"USCGC Hogan
FPO AP 13955",Yes
301,Kristopher Hubbard,campbelllaura@example.com,34,731.607.2423x6736,"618 Katherine Dam Suite 814
East Andrewland, GA 35120",Yes
302,John Delgado,stacie00@example.com,30,422.893.0174,"9663 Flores Rest Suite 137
New Rebeccafurt, PA 31160",Yes
303,William Daniels,georgewise@example.net,35,971-825-5508x7270,"Unit 1601 Box 3489
DPO AA 12557",Yes
304,Louis Duran,jennifer66@example.net,43,851.998.6751x500,"490 Chung Burgs
Lake Scott, WY 63570",Yes
305,Ann Diaz MD,vwatson@example.org,39,(961)359-9001x39073,"121 Gonzalez Tunnel Apt. 991
New Danielhaven, DE 98278",Yes
306,Matthew Kerr,ekelley@example.net,24,496.858.6952,"0334 Stone Views Suite 655
South Michaelport, OK 39256",Yes
307,Francisco Walton,geoffreysimpson@example.net,34,(227)227-3280,"844 Joseph Forge Apt. 694
Port Jeremy, OR 11212",Yes
308,Richard Mckinney,harpersteven@example.org,33,221.335.5047,"410 Wyatt Islands
Jasonside, AS 26567",No
309,Tami Nelson,bradylaura@example.com,23,350.759.0249x4089,"USCGC Maynard
FPO AP 89670",Yes
310,Erika Lowe,marycruz@example.net,25,001-443-214-9659x9360,"32851 Sara Groves Apt. 198
Taylorfort, AS 94902",Yes
311,Caitlin Martinez,vgardner@example.net,24,(609)774-7701,"9816 Watson Pass
North Davidberg, AK 99233",No
312,Jonathan Carpenter,xmcconnell@example.com,47,(909)257-2495x8931,"205 Kelly Meadow
Samanthabury, MI 21975",No
313,Patricia Watts,anthonypage@example.net,29,778-638-9760x3955,"533 Kathryn Mall Apt. 305
Danielmouth, PA 55128",Yes
314,Kevin Sullivan,kimberlymclaughlin@example.net,47,+1-596-366-7996x42162,"35601 Courtney Centers Apt. 345
Smithmouth, CT 15643",No
315,Antonio Owens,zkirby@example.org,37,315-968-0546x9312,"4658 Luis Landing Apt. 545
Morsefort, FL 92213",No
316,Paul Burnett,harrisfrederick@example.com,66,+1-347-783-3560x400,"26260 Willis Pines
Lake Ronnie, AZ 29860",Yes
317,Robin James,ghenry@example.com,31,001-465-837-7583x212,"8803 Joy Junction
East Glenn, MT 33082",No
318,Lisa Joseph,katrinalucero@example.org,27,001-803-760-7795x05013,"9973 Hopkins Neck
Jimmyview, NV 56906",No
319,Gary Shaw,katherinenichols@example.org,28,604-295-6520x1678,"3486 Green Rapids Suite 096
East Ryan, FM 80205",No
320,Kevin Mendoza,kanderson@example.com,27,(944)514-6883,"8620 Karen Spring Suite 245
Michaelborough, MS 74795",No
321,Elizabeth Rich,arellanonicole@example.net,60,773.750.4543x675,"706 Mcclain Place
Greenmouth, CA 90105",No
322,Tiffany Padilla,stephanie47@example.org,45,256.788.2686,"9710 Carl Bypass
East Jeffreyfurt, SC 30773",Yes
323,Jonathan Lewis,denise83@example.net,32,7813508301,"20842 Johnson Mews Apt. 381
Lake Keith, VT 51321",No
324,Charles Silva,adamanderson@example.net,48,001-865-918-9484x29246,"213 Brooke Fall Apt. 652
Earlfurt, VI 04156",Yes
325,Jerry Chan,nicholasestrada@example.org,53,3195879804,"567 Warren Keys Suite 132
Sharpville, FM 09214",No
326,Evelyn King,shannonking@example.com,18,560-877-5614x5969,"5808 Wendy Views Suite 877
Keithmouth, TN 25084",Yes
327,Troy Cole,christopherporter@example.com,30,001-553-558-1334,"2647 Elizabeth Drive Apt. 586
West Erikaton, NY 06436",Yes
328,Clinton Riley,hgonzalez@example.net,42,744.250.8905x44306,"9863 John Squares Apt. 645
Joshuafort, PA 39528",No
329,Mrs. Melissa Johnson DDS,fowlerjames@example.net,26,(433)791-3200x45055,"55600 Brooks Dam
Boydfort, PA 79816",Yes
330,Joel Montgomery,jacob27@example.com,37,+1-775-565-0229,"683 Burns Drive
Sheilaside, AK 06838",Yes
331,Andrew Jensen,tami86@example.net,40,501.979.2439x3263,"6299 Christina Gardens Suite 044
North Nancy, MI 14732",Yes
332,Ms. Barbara Davis,rebeccawyatt@example.com,29,001-762-371-8558,"660 Chaney Pike Apt. 993
Williamsshire, NH 62210",Yes
333,Dominic Armstrong,brodgers@example.com,34,9202510070,"410 Robert Grove Apt. 255
Paulborough, ME 88238",No
334,John Chandler,tlam@example.org,28,408.559.4182x9575,"973 Schultz Mews Apt. 550
East Jessicaside, SD 73283",Yes
335,Kyle Mejia,littlerenee@example.com,26,(208)245-9484x389,"86968 Davis Landing
Port Cynthia, FL 39816",No
336,Kristy Carlson,amandapena@example.com,45,(482)736-2105x62921,"400 Katelyn Terrace Apt. 893
Christinaton, TX 29399",No
337,Jason Jensen,rhenry@example.net,41,635-920-8018x3458,"619 Lopez Corner Apt. 615
Lake Kim, VT 29334",Yes
338,Ian Harris,otaylor@example.org,29,001-859-939-1944x553,"7258 Powell Groves Suite 307
Paulchester, PR 95494",Yes
339,John Allen,ljenkins@example.net,34,001-726-953-2437x26150,"691 Wilkins Rue
Perryborough, MH 14573",No
340,Jason Bennett,wongkyle@example.org,46,(766)622-7448,"275 George Club
New Charleschester, CO 80256",No
341,Jonathan Alvarez,obriensusan@example.org,23,419-895-3811x8159,"412 Fernandez Mountain Apt. 846
Zacharytown, AR 41387",No
342,Charlotte Gay,douglas36@example.net,25,572-636-5332,"33014 Danielle Spurs
East Craig, AR 38040",Yes
343,Hannah Anderson,christopherarnold@example.net,25,497.221.9093x452,"917 Hoover Mount
North Rachel, TN 21368",No
344,Mr. Jeremy Becker,william71@example.org,29,869-801-9288x4701,"7354 Karla Rue
Kelliberg, WA 40940",Yes
345,Aimee Brown,lisa55@example.org,35,001-547-687-3772,"223 Shelton Estates Apt. 161
North Tammyhaven, PR 93635",Yes
346,Samantha Edwards,patrick80@example.net,28,654-520-7406x123,"656 Kimberly Loop Apt. 204
West Michaelbury, SC 51675",Yes
347,Jonathan Williams,ashleythomas@example.org,30,(577)887-9015,"524 Vang Corner Apt. 682
Bakerstad, ME 55721",Yes
348,Gabriel Murphy,edwardscassie@example.com,53,+1-558-728-8147x985,"6175 Jacob Harbor
Hickstown, IN 19235",Yes
349,Angelica Ward,rebeccaanderson@example.com,25,383.272.3278x2462,"USNS Hudson
FPO AP 23764",No
350,Steven Stuart,aliciakennedy@example.net,26,001-906-829-8419x43603,"775 Camacho Port
Harrismouth, AS 01699",No
351,Mrs. Lisa Hardin MD,kristen43@example.net,26,812-779-7824x5619,"430 Kristen Spur Suite 715
Lake John, MP 34326",No
352,Kelly Williams,houstonian@example.net,28,001-823-754-7260x591,"650 David Springs Apt. 864
Paulville, VA 47831",No
353,James Smith,brucelaurie@example.com,50,277-838-7724x055,"Unit 0709 Box 6336
DPO AA 07033",Yes
354,Nicole Griffin,tiffanybaker@example.net,26,767-213-3584x76427,"4743 Morgan Pike
Port Daniel, NY 31719",Yes
355,Alan West,taylorbaker@example.net,27,001-821-775-8382,"024 Sylvia Inlet
North Jamesland, ID 48476",No
356,Michael Welch,patrickrice@example.com,36,585.761.7221x32088,"93369 Pruitt Plain
West Kevinshire, AL 07149",No
357,Dan Flores,sierrawright@example.org,37,(410)239-0899x891,"097 Lee Meadow
Toddland, MA 84753",Yes
358,Timothy Finley,sara81@example.org,30,217.870.9826,"0415 Dylan Rapids
Chavezmouth, SD 32893",No
359,Heather Brown,ugreen@example.net,45,001-932-342-5955x6706,"138 Jessica Prairie
Kennedymouth, TN 33118",Yes
360,Emma Holloway,faulknerthomas@example.org,37,(574)759-4079,"349 Davidson Ridges
Lake Tracy, AZ 08749",No
361,Alyssa Hale,lorifitzgerald@example.com,36,+1-831-497-5880x40118,"PSC 5200, Box 3440
APO AA 43123",Yes
362,Joyce Mccarty,karen12@example.com,22,001-548-840-2168x6225,"75400 Garner Shores
New John, NC 02467",No
363,Ray Schwartz,ronniejohnson@example.com,46,001-529-312-6621x78193,"1189 Nguyen Ports Apt. 739
Port Zachary, IL 84978",Yes
364,Mary Smith,pwallace@example.com,25,220-936-3205,"074 Smith Mills Apt. 701
West John, SC 26223",No
365,Jay Harrison,masonnicholas@example.net,33,+1-709-751-3367,"274 Green River Suite 352
Hernandezshire, DE 46057",Yes
366,Gwendolyn Estrada,nicole68@example.org,59,3748656464,"310 Erin Square
Angelaburgh, LA 20796",Yes
367,Robin Mitchell,chelseacooper@example.com,39,398-600-3606x064,"728 Shawn Falls
Benjaminfort, RI 06039",No
368,Travis Rivera,ysuarez@example.org,25,5118030578,"28680 Douglas Turnpike Apt. 024
New Anthonyville, MH 36188",No
369,Douglas Stone,jobrien@example.net,38,7765728321,"315 Dawn Stream Apt. 031
Louismouth, NE 40339",No
370,Daniel Reed,hansendarren@example.net,46,886-633-5778,"822 Tammy Parks
Nguyenstad, NE 99455",Yes
371,Matthew Gates,mary07@example.com,35,(890)785-7643x455,"17891 Kristy Heights Suite 706
Matthewville, OR 68811",Yes
372,Madeline Holmes,mhall@example.net,46,001-540-467-7503x90925,"676 Miller Land
Santostown, PA 09581",Yes
373,Jason Yang,sherryoneill@example.org,40,201.324.6511,"2370 Parsons Cove Suite 999
Matthewmouth, RI 34149",No
374,Nicole Fernandez,milleroscar@example.com,18,+1-538-452-2764x5698,"3476 Price Parks Apt. 335
West Ashleytown, CA 66633",No
375,Mary Hall,shannon84@example.com,41,840.837.0456x781,"9008 Breanna Causeway
Port Sandra, NH 55838",Yes
376,James Oneal,tyler85@example.org,43,001-742-284-5290,"1039 Grant Shores
Delgadobury, PA 21843",No
377,Patricia Walsh,wallacemarcus@example.org,37,(306)882-7544x29388,"24281 Molly Courts Suite 531
Heathermouth, KS 47144",No
378,Daniel Ball,david07@example.org,26,+1-673-978-2412x5756,"4900 Knight Union
Sotomouth, GA 36687",Yes
379,Alec Dixon,michealharris@example.com,51,001-509-517-7734x2304,"0282 Crystal Shore
Port Stephaniefurt, GA 16560",Yes
380,Tara Jackson,sfowler@example.org,46,(671)301-5189x6245,"764 Foster Mountains Apt. 130
West Shannonchester, ID 16381",Yes
381,Austin Lewis,bradshawcharles@example.org,35,+1-857-476-5912x36392,"457 Suzanne Green Suite 685
Waltonchester, OH 87983",Yes
382,Troy Miles,robertsonkirk@example.org,32,001-223-960-5399x90070,"15897 Patricia Gateway Apt. 075
Collinsview, GA 35660",No
383,Sabrina Waller,pchandler@example.org,33,741-955-9039x695,"6356 David Pine
Lake Gwendolynberg, IN 43857",No
384,David Dunn,jenny55@example.net,41,(710)261-1609,"42869 Anthony Prairie
Rubenfurt, NM 45330",No
385,Miguel Hale,steven80@example.net,46,283-689-0166x577,"260 Roy Corners
Lake Andrea, CO 69500",Yes
386,Paul Sampson,ogarcia@example.com,60,001-413-857-6571,"35338 Thomas Summit
Port Jessica, WY 88304",Yes
387,Jennifer Owens,morrisrichard@example.org,32,001-324-346-2218x02221,"2985 Henderson Freeway Suite 721
Joshuaside, MS 56947",Yes
388,Franklin Kaufman,lalexander@example.com,34,+1-689-976-6915x76654,"328 Levi Islands
Griffinborough, IN 50037",Yes
389,Robert Mitchell,cmaxwell@example.org,24,+1-363-428-6171x47776,"20869 Vanessa Mall
Jenniferborough, AK 70747",No
390,Paul Dean,ogeorge@example.org,41,4204705388,"9035 Matthew Ways
West Brandon, NH 06370",Yes
391,Ms. Alyssa Adams,michael53@example.com,18,217-412-2282x7035,"17870 Cruz Meadows Suite 394
Emilyshire, CA 02209",Yes
392,Terry Miller,robertskaren@example.org,37,403.457.0197x40656,"65139 Price Fork
Chaneyport, PA 53064",No
393,Daniel Kelley,amy11@example.net,44,743-340-0702x97762,"55383 Eduardo Pass
Christopherbury, SD 39608",Yes
394,Nicholas Watson,zmclean@example.org,23,254.672.6875x621,"3723 Melissa Turnpike
New Kathryn, TN 25738",Yes
395,Gregory Johnson,james82@example.org,33,984-342-9106,"35964 Carroll Trafficway
Anthonyside, AK 77465",No
396,Kathleen Lynn,fryebrenda@example.com,38,732.726.1409x2827,"7028 Christopher Hill
North James, ND 46869",No
397,Kelly Zuniga,gonzaleskatie@example.org,32,(702)718-2653x277,"226 Anthony Cove Suite 244
Jessicatown, DE 87654",No
398,Sabrina Kirby,angela97@example.com,44,452-493-7606,"0387 Morales Drives
Gaybury, PA 21035",Yes
399,Renee Brown,njohnson@example.com,42,573.482.4706,"0571 Hill Glen
Lake Lisa, TN 67990",Yes
400,David Parsons,greenedavid@example.org,43,+1-656-804-5988x995,"60351 Park Well
North Margaret, MT 23152",Yes
401,Nicholas Mccormick,yking@example.org,35,744-759-5911,"37131 Smith Street Suite 143
Hintonburgh, AK 42377",Yes
402,Laura Johnson,cruzmichael@example.com,46,543-947-6623,"990 Wells Run Suite 444
New Angelahaven, NC 89908",Yes
403,Kristin Black,candrews@example.net,48,001-547-962-8648x655,"8775 Terrence Fall Suite 393
Jimmyport, IA 49386",No
404,Henry Washington,esmith@example.net,50,(405)502-8801x78156,"18935 Smith Haven
Port Nancy, MN 36896",Yes
405,Jacqueline Beck,bwright@example.net,44,(288)345-2698x8873,"36007 Barker Ville Apt. 685
Leslietown, AS 27115",No
406,Felicia Erickson,vickiehill@example.net,39,(254)674-9095x9415,"437 Ali Keys Apt. 730
Jonathanshire, TN 32137",No
407,Michele Fischer MD,fowlercorey@example.net,21,556-334-5867,"5473 Rebecca Coves Apt. 199
Baileybury, OR 02095",Yes
408,Mr. David Roberson,smithlaura@example.net,46,2803073557,"2179 Cody Ridges Apt. 216
New Michaelland, VI 14259",No
409,Garrett Rose,amanda47@example.com,24,883.844.6870x3352,"Unit 0283 Box 9387
DPO AP 70823",Yes
410,Rebecca Reid,marynelson@example.org,33,001-684-822-4788x6539,"955 Krause Wells
Lake Scott, DC 79680",No
411,Brianna Kent,angelapitts@example.com,36,983.341.7695,"027 Hicks Fort
North Robin, IN 41416",Yes
412,Chad Gutierrez,ricenicole@example.net,18,(432)373-5865,"PSC 8139, Box 0556
APO AA 95127",No
413,Roberto Russell,dhernandez@example.net,21,001-863-393-4120x31321,"2179 Thomas Throughway
Michaelview, ME 63232",Yes
414,Kendra Robinson,umontes@example.com,18,+1-683-403-5754x96048,"381 Butler Pines Apt. 265
Jennifermouth, MD 94033",No
415,Jesus Jackson,ariana33@example.org,38,+1-239-803-1866,"914 Murray Knoll
West Rachael, VI 68681",No
416,Rebecca Coleman,bendersusan@example.com,27,(404)408-4151,"112 Cross Oval Apt. 140
New Danielport, IA 00899",Yes
417,Paul Steele,karenweber@example.com,38,(429)770-1104x897,"26832 Bush Plain Suite 474
New Laurieview, FM 02899",Yes
418,Megan Hopkins,jonathan83@example.org,33,565.600.4120x4432,"433 Roberts Vista Apt. 216
Victoriaberg, NC 71303",No
419,Timothy Anderson,lshelton@example.com,34,494.304.3265,"732 Kevin Heights Suite 261
Lake Billyberg, TX 32395",Yes
420,Karen Floyd,hernandeztaylor@example.com,39,+1-764-258-4048x0756,"659 Lawrence Trafficway
West Christianfurt, VI 44869",Yes
421,Benjamin Brown,gchristian@example.com,37,477.412.3830x8171,"93506 Lee Points
North Diana, WV 30573",Yes
422,Tiffany Taylor,bradleyjeffrey@example.net,31,(525)673-7598x4555,"Unit 4230 Box 4116
DPO AE 50181",Yes
423,Brandy Smith,aromero@example.net,29,383-916-8909,"6189 Trevino Mountain
Port Jacquelinemouth, WI 20486",No
424,Christopher Nguyen,jessica35@example.org,30,4817903492,"8514 Obrien Hollow Apt. 921
Greenfort, IN 78116",No
425,Cheyenne Williams,andreahill@example.com,30,001-469-344-4532,"57353 Francis Island Suite 273
Andrewborough, GU 45380",No
426,Eric Monroe,kathryn17@example.net,39,(813)230-2611x5708,"PSC 6367, Box 1367
APO AA 33955",Yes
427,Susan Mendoza,suzannecameron@example.org,31,804-791-2942x70315,"45889 Davis Brook
Rogersside, WY 46598",No
428,Kristy Powers,taylorann@example.org,31,974-337-9816x91594,"39281 Anderson Courts
Faithville, WA 32628",No
429,Brenda Taylor,nwells@example.org,35,(926)437-1979x6692,"79524 David Springs Apt. 033
South Bryce, WA 32326",No
430,William Watts,wilsonhenry@example.com,27,(377)924-0474,"6927 Ramos Road Apt. 880
Crawfordshire, NJ 71680",No
431,Robert Thompson,martin05@example.com,27,001-550-599-8030,"9634 Ward Tunnel
Jenniferstad, IA 78042",No
432,Hayden Moon,santiagokelsey@example.com,24,+1-451-270-1403x59498,"571 Chase Lane
Jamesbury, IA 92683",No
433,Anita Rodriguez,fletchermichael@example.org,45,9944097431,"7329 Destiny Court
Lake Crystal, IA 75658",Yes
434,Jonathan Wright,paulpowell@example.com,30,(456)732-1248x52920,"225 Vazquez Ports
Butlermouth, MA 14556",No
435,Levi King,kimberlythomas@example.com,20,264.960.7575x1274,"Unit 9322 Box 3331
DPO AA 52126",No
436,Rachel Harrell,campbellmaria@example.com,44,215-421-1952,"2629 Carroll Viaduct
Jennifermouth, OH 80528",No
437,Stephanie Gonzalez,jnichols@example.com,30,+1-727-933-6644x47152,"135 Stone Glens Suite 543
East Stephenton, VT 98656",Yes
438,Jeffrey Vasquez,rebeccamoore@example.com,46,+1-950-785-4347x489,"56601 Crosby Harbors Suite 161
Lake Barbaraberg, UT 21541",No
439,David Cobb,cartertiffany@example.org,28,381-325-9346x68972,"18231 Moore Stravenue
Port Laurashire, SC 06721",No
440,Lori Nelson,andrewwarner@example.org,36,001-937-938-5279x14169,"4348 Jeffrey Extension Apt. 829
East April, IL 50001",No
441,Jackie Jensen,abigail09@example.net,50,(689)888-4408x88477,"7134 Dustin Meadows
Jacquelinechester, IL 69890",No
442,Jeffrey Collins,mlowe@example.net,46,744.740.8781,"2237 Kane Shores Suite 811
West Joshua, MT 46009",No
443,Timothy Mcmahon,lmoon@example.org,38,7556703657,"914 Shelby Vista
North Amyview, FL 19624",Yes
444,Christina Rodriguez,hesterjason@example.org,40,(673)537-2589x998,"39848 Mills Way
West Nicoleside, VT 89926",No
445,Elizabeth Collins,cory33@example.com,28,001-327-697-8826,"8862 Gregory Bridge Apt. 773
Johnfurt, WI 03428",Yes
446,Renee Rogers,ystanley@example.org,33,001-991-631-6546x183,"0060 Kaylee Fork
Kevinland, OH 29520",Yes
447,Jill Porter,vazquezthomas@example.org,34,732.348.3887,"0759 Coleman Fork Suite 787
New Sherylfort, MS 68320",No
448,Robert Golden,debbie33@example.net,25,001-469-972-6323x06470,"PSC 7446, Box 0093
APO AP 81517",No
449,Elizabeth Phillips,benjamin23@example.com,45,773.687.3482x3664,"043 Thompson Stravenue
Port David, NE 74031",No
450,Shirley Morrison,nrobinson@example.org,31,868-679-1636x26826,"4025 Brandon Burg
Kylebury, WI 81538",Yes
451,Amanda Neal,crosbyheather@example.com,18,400-298-9939,"657 Lewis Fork Suite 040
Port Anthonyview, FL 65197",No
452,Nathan Lopez,christinedavis@example.net,48,322.482.8308,"19958 Bowen Court Suite 833
New Nancy, KY 98070",Yes
453,Tiffany Hines,snyderlinda@example.com,30,(682)438-3736x94081,"01595 Mary Loaf Apt. 282
Jacobsfurt, AZ 88997",No
454,Rebecca Wilson,taylormichael@example.net,34,(383)577-4201x702,"PSC 6806, Box 7166
APO AA 96625",Yes
455,Jessica Thornton,greenpaul@example.org,30,(751)442-2194x58120,"48389 Brian Course
Harmonhaven, PR 64569",Yes
456,Kyle Bullock,ygriffith@example.net,29,(448)433-3072x59183,"711 Chase Lodge Apt. 681
West Brianshire, OR 41938",Yes
457,Elijah Ferguson,tammy37@example.net,35,001-201-294-9873x66096,"3687 Francis Streets
Marieshire, MH 58337",No
458,Kyle Williams,smithdavid@example.org,44,900.536.7072x728,"901 Neal Walks Apt. 044
West Emily, MA 43185",Yes
459,Elaine Leblanc,kimberly64@example.net,32,+1-356-623-6464x306,"086 King Plains Apt. 787
New Justinport, VI 67434",No
460,Nicole White,mark13@example.net,27,001-423-967-6043x374,"567 Arias Square Apt. 911
Roweburgh, MN 40962",No
461,Brianna Andrews,hensleysuzanne@example.net,43,707-765-5099,"6258 Hall Haven
West Jonathanton, WV 54966",No
462,Mike Thomas,michael24@example.org,31,6536146664,"874 Williams Track
Port Gabriela, HI 62794",Yes
463,Kurt Rogers,vyang@example.org,47,925-292-6913x1788,"71030 Townsend Mountains Apt. 486
Riosmouth, CT 88860",Yes
464,John Jordan,michaeldurham@example.net,40,001-638-378-5142x41650,"3398 Elizabeth Ramp Suite 831
Port Jamesberg, NJ 07356",No
465,Jeremiah Lane,joselozano@example.net,18,(348)324-2530x25838,"1781 Leah Courts
East Kenneth, TX 06925",No
466,Aaron Edwards,meredithhernandez@example.net,33,001-247-497-8769x16210,"733 Ibarra Ridges Suite 971
Bartonberg, OR 61937",No
467,Gary Myers,bobby33@example.com,33,642-948-4665x968,"043 Moreno Station Suite 482
Meyersshire, LA 28955",Yes
468,Jonathan Rivera,gmurphy@example.net,18,001-978-829-2567x203,"36103 Williams Mill
Bakerport, AK 60300",No
469,Christopher Sanders,twaller@example.net,24,001-767-346-7642x66896,"813 Lambert Station
Shermanmouth, AS 04383",No
470,Rachel Ramos,laura14@example.net,22,371-396-6093,"9401 Jones Trail Apt. 436
New Nathan, CO 63420",Yes
471,Lori Levine,osaunders@example.net,21,606.910.6732x41974,"96632 Bradford Circles Suite 771
Lake Derek, GU 87952",No
472,William Wheeler,garciajoseph@example.com,31,590.828.1191x140,"692 Burke Rapid
Lauraton, GU 71816",No
473,Robert Rodriguez,ibenton@example.com,18,(226)298-3070x27861,"7528 David Avenue
Garciaberg, UT 70369",Yes
474,Justin Cooke,juan09@example.org,56,679-762-1454x854,"194 Martinez Rest Suite 226
Randallburgh, CA 68664",Yes
475,Brandon Hernandez,mtaylor@example.com,36,001-356-329-8169x39706,"630 Townsend Island
Jenkinsview, TN 42172",Yes
476,Kenneth Jackson,smithrobert@example.net,39,585-716-9649x7983,"22697 James Skyway
South Brian, MP 09724",Yes
477,Lori Harrison,perrychelsea@example.com,50,(731)615-2508,"20860 Finley Village
Mcculloughview, ND 12686",No
478,Tracie White,whitekevin@example.org,49,(691)467-8555x6099,"1794 Ayala Causeway
East Briannashire, NY 84287",No
479,James Wilson,marshmargaret@example.net,38,(902)207-8444x194,"3407 Ramos Curve Apt. 099
South Christine, ID 97618",Yes
480,Erik Wright,stephendillon@example.net,43,+1-539-357-5736x57856,"99127 Bianca Inlet Suite 646
Dustinfurt, WA 56636",Yes
481,Dr. Roberta Marquez,nhale@example.com,29,(383)679-3621x306,"96562 Miller Bridge Apt. 044
Stoutfurt, MS 81875",Yes
482,Travis Carlson,amandawise@example.com,41,001-956-682-1691,"0655 Sullivan Field
North Jared, NJ 51331",Yes
483,Peter Scott,dyernancy@example.net,44,664-563-6219x75809,"960 Craig Harbor Suite 891
Port Justinport, VI 93927",No
484,Allen Lee,qleach@example.net,29,5152081531,"433 Timothy Hills
Smithchester, WA 60563",Yes
485,Elizabeth Francis,oparker@example.com,41,(511)795-7177x0412,"5890 Jacob Turnpike
West Erin, AR 04389",Yes
486,Ashley Jones,rickyponce@example.org,36,001-668-402-1822x9044,"142 Ross Harbors Apt. 295
Walkerberg, VT 31636",No
487,Mr. Michael Jones DDS,melissamartinez@example.net,30,684.359.0863,"43887 Nelson Islands Suite 077
Reneebury, RI 87366",No
488,Levi Williams,bartlettmackenzie@example.net,25,944.818.1115,"458 Kirby Trafficway
East Stevemouth, WY 73123",No
489,Donna Bonilla,alejandro69@example.org,33,478-251-7940x653,"09274 Kelly Harbors Suite 628
North Jacob, AS 47040",Yes
490,Alexis Moreno,stonechristina@example.net,35,229.376.3379,"3642 Perez Springs Apt. 772
Loritown, PR 04922",Yes
491,Teresa Marks,lori66@example.com,23,001-298-476-1396x4734,"PSC 8297, Box 1667
APO AA 28046",No
492,Dana Kelley,kristinecarney@example.org,37,(762)494-4853,"182 Warner Isle
Kevinmouth, RI 33232",Yes
493,Amy Johnson,gloriawalker@example.com,39,(311)866-6456x790,"1171 Chen Springs Suite 717
East Michael, FL 48751",No
494,Derek Tran,janet55@example.org,36,946.330.4158,"0488 Brenda Stravenue
Shahburgh, PA 70731",Yes
495,Shannon Gonzalez,jasontaylor@example.org,42,8574424348,"USS Stevens
FPO AA 90315",Yes
496,Mackenzie Vaughn,frederickshields@example.org,23,001-793-490-0842x579,"289 Russell Mission
Christophershire, OR 53261",Yes
497,Luke Huber,ulang@example.com,39,690-238-1110x03464,"951 Charles Streets
Lake Richard, WI 44769",Yes
498,Bailey Bryant,emily57@example.net,41,572-538-4501x6986,"702 Lopez Extensions Suite 697
Kleinshire, CO 85303",No
499,April Thompson,lisa06@example.net,35,853.724.3387x15353,"Unit 9334 Box 1218
DPO AP 85198",No
500,Brian Franklin,vcollins@example.net,50,+1-432-556-3063x7795,"998 Henry Islands Suite 357
New Mathew, NY 01366",Yes
